"Name","API Name","Memory","Storage","vCPUs","Network Performance","PostgreSQL","PostgreSQL Reserved Cost","MySQL On Demand Cost","MySQL Reserved Cost","SQL Server Express On Demand Cost","SQL Server Express Reserved Cost","SQL Server Web On Demand Cost","SQL Server Web Reserved Cost","SQL Server Standard On Demand Cost","SQL Server Standard Reserved Cost","SQL Server Enterprise On Demand Cost","SQL Server Enterprise Reserved Cost","Aurora Postgres & MySQL On Demand Cost","Aurora Postgres & MySQL Reserved Cost","Aurora I/O Optimized On Demand Cost","MariaDB On Demand Cost","MariaDB Reserved Cost","Oracle Enterprise On Demand Cost","Oracle Enterprise Reserved Cost"
"T4G Micro","db.t4g.micro","1 GiB","0 GiB (EBS only)","2 vCPUs","Up to 5 Gigabit","$0.0210 hourly","$0.0165 hourly","$0.0210 hourly","$0.0165 hourly","unavailable","unavailable","unavailable","unavailable","unavailable","unavailable","unavailable","unavailable","unavailable","unavailable","unavailable","$0.0210 hourly","$0.0165 hourly","unavailable","unavailable"
"T3 Micro","db.t3.micro","1 GiB","0 GiB (EBS only)","2 vCPUs","Low to Moderate","$0.0260 hourly","$0.0206 hourly","$0.0250 hourly","$0.0220 hourly","$0.0290 hourly","unavailable","unavailable","unavailable","unavailable","unavailable","unavailable","unavailable","unavailable","unavailable","unavailable","$0.0250 hourly","$0.0220 hourly","unavailable","unavailable"
"T2 General Purpose Micro","db.t2.micro","1 GiB","0 GiB (EBS only)","1 vCPUs","Low to Moderate","$0.0260 hourly","unavailable","$0.0240 hourly","unavailable","$0.0300 hourly","unavailable","unavailable","unavailable","unavailable","unavailable","unavailable","unavailable","unavailable","unavailable","unavailable","$0.0240 hourly","unavailable","$0.0240 hourly","unavailable"
"T4G Small","db.t4g.small","2 GiB","0 GiB (EBS only)","2 vCPUs","Up to 5 Gigabit","$0.0420 hourly","$0.0330 hourly","$0.0420 hourly","$0.0330 hourly","unavailable","unavailable","unavailable","unavailable","unavailable","unavailable","unavailable","unavailable","unavailable","unavailable","unavailable","$0.0420 hourly","$0.0330 hourly","unavailable","unavailable"
"T3 Small","db.t3.small","2 GiB","0 GiB (EBS only)","2 vCPUs","Low to Moderate","$0.0530 hourly","$0.0412 hourly","$0.0490 hourly","$0.0440 hourly","$0.0580 hourly","$0.0365 hourly","$0.1410 hourly","$0.0888 hourly","unavailable","unavailable","unavailable","unavailable","unavailable","unavailable","$0.0770 hourly","$0.0490 hourly","$0.0440 hourly","$0.0490 hourly","$0.0309 hourly"
"T2 General Purpose Small","db.t2.small","2 GiB","0 GiB (EBS only)","1 vCPUs","Low to Moderate","$0.0530 hourly","unavailable","$0.0490 hourly","unavailable","$0.0580 hourly","unavailable","$0.1590 hourly","unavailable","unavailable","unavailable","unavailable","unavailable","unavailable","unavailable","unavailable","$0.0490 hourly","unavailable","$0.0490 hourly","unavailable"
"T4G Medium","db.t4g.medium","4 GiB","0 GiB (EBS only)","2 vCPUs","Up to 5 Gigabit","$0.0840 hourly","$0.0660 hourly","$0.0840 hourly","$0.0660 hourly","unavailable","unavailable","unavailable","unavailable","unavailable","unavailable","unavailable","unavailable","$0.0930 hourly","$0.0835 hourly","$0.1210 hourly","$0.0840 hourly","$0.0660 hourly","unavailable","unavailable"
"T3 Medium","db.t3.medium","4 GiB","0 GiB (EBS only)","2 vCPUs","Low to Moderate","$0.1060 hourly","$0.0824 hourly","$0.0980 hourly","$0.0880 hourly","$0.0920 hourly","$0.0581 hourly","$0.1700 hourly","$0.1071 hourly","unavailable","unavailable","unavailable","unavailable","$0.1180 hourly","$0.1040 hourly","$0.1530 hourly","$0.0980 hourly","$0.0880 hourly","$0.0980 hourly","$0.0617 hourly"
"T2 General Purpose Medium","db.t2.medium","4 GiB","0 GiB (EBS only)","2 vCPUs","Low to Moderate","$0.1060 hourly","unavailable","$0.0980 hourly","unavailable","$0.1170 hourly","unavailable","$0.4290 hourly","unavailable","unavailable","unavailable","unavailable","unavailable","unavailable","unavailable","unavailable","$0.0980 hourly","unavailable","$0.0980 hourly","unavailable"
"T4G Large","db.t4g.large","8 GiB","0 GiB (EBS only)","2 vCPUs","Up to 5 Gigabit","$0.1670 hourly","$0.1321 hourly","$0.1670 hourly","$0.1321 hourly","unavailable","unavailable","unavailable","unavailable","unavailable","unavailable","unavailable","unavailable","$0.1860 hourly","$0.1671 hourly","$0.2420 hourly","$0.1670 hourly","$0.1321 hourly","unavailable","unavailable"
"T3 Large","db.t3.large","8 GiB","0 GiB (EBS only)","2 vCPUs","Low to Moderate","$0.2120 hourly","$0.1647 hourly","$0.1960 hourly","$0.1760 hourly","$0.1710 hourly","$0.1078 hourly","$0.2400 hourly","$0.1514 hourly","unavailable","unavailable","unavailable","unavailable","$0.2360 hourly","$0.2080 hourly","$0.3070 hourly","$0.1960 hourly","$0.1760 hourly","$0.1960 hourly","$0.1235 hourly"
"T2 General Purpose Large","db.t2.large","8 GiB","0 GiB (EBS only)","2 vCPUs","Low to Moderate","$0.2120 hourly","unavailable","$0.1990 hourly","unavailable","unavailable","unavailable","unavailable","unavailable","unavailable","unavailable","unavailable","unavailable","unavailable","unavailable","unavailable","$0.1990 hourly","unavailable","$0.1990 hourly","unavailable"
"M6G Large","db.m6g.large","8 GiB","0 GiB (EBS only)","2 vCPUs","Up to 10 Gigabit","$0.2260 hourly","$0.1447 hourly","$0.2140 hourly","$0.1372 hourly","unavailable","unavailable","unavailable","unavailable","unavailable","unavailable","unavailable","unavailable","unavailable","unavailable","unavailable","$0.2140 hourly","$0.1372 hourly","unavailable","unavailable"
"M7G Large","db.m7g.large","8 GiB","0 GiB (EBS only)","2 vCPUs","Up to 12.5 Gigabit","$0.2400 hourly","$0.1844 hourly","$0.2390 hourly","$0.1844 hourly","unavailable","unavailable","unavailable","unavailable","unavailable","unavailable","unavailable","unavailable","unavailable","unavailable","unavailable","$0.2390 hourly","$0.1844 hourly","unavailable","unavailable"
"M6I Large","db.m6i.large","8 GiB","0 GiB (EBS only)","2 vCPUs","Up to 12.5 Gbps","$0.2530 hourly","$0.1620 hourly","$0.2410 hourly","$0.1544 hourly","unavailable","unavailable","$0.4320 hourly","$0.3370 hourly","$1.0780 hourly","$1.0030 hourly","unavailable","unavailable","unavailable","unavailable","unavailable","$0.2410 hourly","$0.1544 hourly","$0.2410 hourly","$0.1728 hourly"
"M5 Large","db.m5.large","8 GiB","0 GiB (EBS only)","2 vCPUs","Up to 10 Gigabit","$0.2530 hourly","$0.1620 hourly","$0.2410 hourly","$0.1544 hourly","unavailable","unavailable","$0.4320 hourly","$0.3370 hourly","$1.0780 hourly","$1.0030 hourly","unavailable","unavailable","unavailable","unavailable","unavailable","$0.2410 hourly","$0.1544 hourly","$0.2410 hourly","$0.1502 hourly"
"R6G Large","db.r6g.large","16 GiB","0 GiB (EBS only)","2 vCPUs","Up to 10 Gigabit","$0.2560 hourly","$0.1749 hourly","$0.2420 hourly","$0.1647 hourly","unavailable","unavailable","unavailable","unavailable","unavailable","unavailable","unavailable","unavailable","$0.2950 hourly","$0.1942 hourly","$0.3840 hourly","$0.2420 hourly","$0.1647 hourly","unavailable","unavailable"
"M4 General Purpose Large","db.m4.large","8 GiB","0 GiB (EBS only)","2 vCPUs","Moderate","$0.2570 hourly","unavailable","$0.2450 hourly","unavailable","unavailable","unavailable","$0.4320 hourly","unavailable","$1.0780 hourly","unavailable","unavailable","unavailable","unavailable","unavailable","unavailable","$0.2450 hourly","unavailable","$0.2450 hourly","unavailable"
"M6GD Large","db.m6gd.large","8 GiB","1 x 118 NVMe SSD","2 vCPUs","Up to 10 Gigabit","$0.2700 hourly","$0.2077 hourly","$0.2700 hourly","$0.2077 hourly","unavailable","unavailable","unavailable","unavailable","unavailable","unavailable","unavailable","unavailable","unavailable","unavailable","unavailable","$0.2700 hourly","unavailable","unavailable","unavailable"
"R7G Large","db.r7g.large","16 GiB","0 GiB (EBS only)","2 vCPUs","Up to 12.5 Gigabit","$0.2720 hourly","$0.2094 hourly","$0.2720 hourly","$0.2094 hourly","unavailable","unavailable","unavailable","unavailable","unavailable","unavailable","unavailable","unavailable","unavailable","unavailable","unavailable","$0.2720 hourly","$0.2094 hourly","unavailable","unavailable"
"R5 Large","db.r5.large","16 GiB","0 GiB (EBS only)","2 vCPUs","Up to 10 Gigabit","$0.2850 hourly","$0.1945 hourly","$0.2700 hourly","$0.1840 hourly","unavailable","unavailable","$0.4400 hourly","$0.3696 hourly","$1.1000 hourly","$1.0395 hourly","unavailable","unavailable","$0.3300 hourly","$0.2170 hourly","$0.4290 hourly","$0.2700 hourly","$0.1840 hourly","$0.2630 hourly","$0.1795 hourly"
"R6I Large","db.r6i.large","16 GiB","0 GiB (EBS only)","2 vCPUs","Up to 12.5 Gbps","$0.2850 hourly","$0.1945 hourly","$0.2700 hourly","$0.1840 hourly","unavailable","unavailable","$0.4400 hourly","$0.3696 hourly","$1.1000 hourly","$1.0395 hourly","unavailable","unavailable","$0.3300 hourly","$0.2170 hourly","$0.4290 hourly","$0.2700 hourly","$0.1840 hourly","$0.2630 hourly","$0.1901 hourly"
"R4 Memory Optimized Large","db.r4.large","15.25 GiB","0 GiB (EBS only)","2 vCPUs","Up to 10 Gigabit","$0.2850 hourly","unavailable","$0.2700 hourly","unavailable","unavailable","unavailable","$0.4400 hourly","unavailable","$1.1000 hourly","unavailable","unavailable","unavailable","$0.3300 hourly","unavailable","unavailable","$0.2700 hourly","unavailable","$0.2700 hourly","unavailable"
"R3 Memory Optimized Large","db.r3.large","15.25 GiB","1 x 32 SSD","2 vCPUs","Moderate","$0.2850 hourly","unavailable","$0.2700 hourly","unavailable","unavailable","unavailable","unavailable","unavailable","unavailable","unavailable","unavailable","unavailable","unavailable","unavailable","unavailable","$0.2700 hourly","unavailable","$0.2700 hourly","unavailable"
"R6GD Large","db.r6gd.large","16 GiB","1 x 118 NVMe SSD","2 vCPUs","Up to 10 Gigabit","$0.2940 hourly","$0.2265 hourly","$0.2940 hourly","$0.2265 hourly","unavailable","unavailable","unavailable","unavailable","unavailable","unavailable","unavailable","unavailable","unavailable","unavailable","unavailable","$0.2940 hourly","unavailable","unavailable","unavailable"
"M5D Large","db.m5d.large","8 GiB","1 x 75 NVMe SSD","2 vCPUs","Up to 10 Gbps","$0.3060 hourly","$0.2353 hourly","$0.3060 hourly","$0.2353 hourly","unavailable","unavailable","$0.3530 hourly","$0.2406 hourly","$1.0060 hourly","$0.7925 hourly","unavailable","unavailable","unavailable","unavailable","unavailable","$0.3060 hourly","unavailable","$0.2840 hourly","$0.2045 hourly"
"R5D Large","db.r5d.large","16 GiB","1 x 75 NVMe SSD","2 vCPUs","Up to 10 Gbps","$0.3310 hourly","$0.2549 hourly","$0.3310 hourly","$0.2549 hourly","unavailable","unavailable","$0.5440 hourly","$0.4572 hourly","$1.1930 hourly","$1.1273 hourly","unavailable","unavailable","unavailable","unavailable","unavailable","$0.3310 hourly","unavailable","$0.3010 hourly","$0.2160 hourly"
"T4G Extra Large","db.t4g.xlarge","16 GiB","0 GiB (EBS only)","4 vCPUs","Up to 5 Gigabit","$0.3340 hourly","$0.2642 hourly","$0.3340 hourly","$0.2642 hourly","unavailable","unavailable","unavailable","unavailable","unavailable","unavailable","unavailable","unavailable","unavailable","unavailable","unavailable","$0.3340 hourly","$0.2642 hourly","unavailable","unavailable"
"T3 Extra Large","db.t3.xlarge","16 GiB","0 GiB (EBS only)","4 vCPUs","Moderate","$0.4240 hourly","$0.3294 hourly","$0.3920 hourly","$0.3520 hourly","$0.3690 hourly","$0.2325 hourly","$0.4170 hourly","$0.2624 hourly","$1.0630 hourly","$1.0041 hourly","$2.2790 hourly","unavailable","unavailable","unavailable","unavailable","$0.3920 hourly","$0.3520 hourly","$0.3920 hourly","$0.2470 hourly"
"T2 General Purpose Extra Large","db.t2.xlarge","16 GiB","0 GiB (EBS only)","4 vCPUs","Moderate","$0.4240 hourly","unavailable","$0.3980 hourly","unavailable","unavailable","unavailable","unavailable","unavailable","unavailable","unavailable","unavailable","unavailable","unavailable","unavailable","unavailable","$0.3980 hourly","unavailable","$0.3984 hourly","unavailable"
"M6G Extra Large","db.m6g.xlarge","16 GiB","0 GiB (EBS only)","4 vCPUs","Up to 10 Gigabit","$0.4520 hourly","$0.2894 hourly","$0.4280 hourly","$0.2745 hourly","unavailable","unavailable","unavailable","unavailable","unavailable","unavailable","unavailable","unavailable","unavailable","unavailable","unavailable","$0.4280 hourly","$0.2745 hourly","unavailable","unavailable"
"M7G Extra Large","db.m7g.xlarge","16 GiB","0 GiB (EBS only)","4 vCPUs","Up to 12.5 Gigabit","$0.4790 hourly","$0.3688 hourly","$0.4790 hourly","$0.3688 hourly","unavailable","unavailable","unavailable","unavailable","unavailable","unavailable","unavailable","unavailable","unavailable","unavailable","unavailable","$0.4790 hourly","$0.3688 hourly","unavailable","unavailable"
"M5 Extra Large","db.m5.xlarge","16 GiB","0 GiB (EBS only)","4 vCPUs","Up to 10 Gigabit","$0.5060 hourly","$0.3241 hourly","$0.4820 hourly","$0.3087 hourly","unavailable","unavailable","$0.7360 hourly","$0.5930 hourly","$1.3890 hourly","$1.2410 hourly","$2.3930 hourly","$2.2780 hourly","unavailable","unavailable","unavailable","$0.4820 hourly","$0.3087 hourly","$0.4820 hourly","$0.3005 hourly"
"M6I Extra Large","db.m6i.xlarge","16 GiB","0 GiB (EBS only)","4 vCPUs","Up to 12.5 Gbps","$0.5060 hourly","$0.3240 hourly","$0.4820 hourly","$0.3088 hourly","unavailable","unavailable","$0.7360 hourly","$0.5930 hourly","$1.3890 hourly","$1.2410 hourly","$2.3930 hourly","$2.2780 hourly","unavailable","unavailable","unavailable","$0.4820 hourly","$0.3088 hourly","$0.4820 hourly","$0.3456 hourly"
"R6G Extra Large","db.r6g.xlarge","32 GiB","0 GiB (EBS only)","4 vCPUs","Up to 10 Gigabit","$0.5130 hourly","$0.3498 hourly","$0.4830 hourly","$0.3294 hourly","unavailable","unavailable","unavailable","unavailable","unavailable","unavailable","unavailable","unavailable","$0.5910 hourly","$0.3884 hourly","$0.7680 hourly","$0.4830 hourly","$0.3294 hourly","unavailable","unavailable"
"M4 General Purpose Extra Large","db.m4.xlarge","16 GiB","0 GiB (EBS only)","4 vCPUs","High","$0.5140 hourly","unavailable","$0.4920 hourly","unavailable","unavailable","unavailable","$0.7360 hourly","unavailable","$1.3890 hourly","unavailable","$2.3930 hourly","unavailable","unavailable","unavailable","unavailable","$0.4920 hourly","unavailable","$0.4920 hourly","unavailable"
"M6GD Extra Large","db.m6gd.xlarge","16 GiB","1 x 237 NVMe SSD","4 vCPUs","Up to 10 Gigabit","$0.5400 hourly","$0.4154 hourly","$0.5400 hourly","$0.4154 hourly","unavailable","unavailable","unavailable","unavailable","unavailable","unavailable","unavailable","unavailable","unavailable","unavailable","unavailable","$0.5400 hourly","unavailable","unavailable","unavailable"
"R7G Extra Large","db.r7g.xlarge","32 GiB","0 GiB (EBS only)","4 vCPUs","Up to 12.5 Gigabit","$0.5440 hourly","$0.4189 hourly","$0.5440 hourly","$0.4189 hourly","unavailable","unavailable","unavailable","unavailable","unavailable","unavailable","unavailable","unavailable","unavailable","unavailable","unavailable","$0.5440 hourly","$0.4189 hourly","unavailable","unavailable"
"R3 Memory Optimized Extra Large","db.r3.xlarge","30.5 GiB","1 x 80 SSD","4 vCPUs","Moderate","$0.5690 hourly","unavailable","$0.5410 hourly","unavailable","unavailable","unavailable","unavailable","unavailable","unavailable","unavailable","unavailable","unavailable","unavailable","unavailable","unavailable","$0.5410 hourly","unavailable","$0.5410 hourly","unavailable"
"R5 Extra Large","db.r5.xlarge","32 GiB","0 GiB (EBS only)","4 vCPUs","Up to 10 Gigabit","$0.5700 hourly","$0.3890 hourly","$0.5400 hourly","$0.3680 hourly","unavailable","unavailable","$0.8010 hourly","$0.6728 hourly","$1.4360 hourly","$1.3570 hourly","$2.5580 hourly","$2.5516 hourly","$0.6600 hourly","$0.4340 hourly","$0.8580 hourly","$0.5400 hourly","$0.3680 hourly","$0.5260 hourly","$0.3590 hourly"
"R4 Memory Optimized Extra Large","db.r4.xlarge","30.5 GiB","0 GiB (EBS only)","4 vCPUs","Up to 10 Gigabit","$0.5700 hourly","unavailable","$0.5400 hourly","unavailable","unavailable","unavailable","$0.8010 hourly","unavailable","$1.4360 hourly","unavailable","$2.5580 hourly","unavailable","$0.6600 hourly","unavailable","unavailable","$0.5400 hourly","unavailable","$0.5400 hourly","unavailable"
"R6I Extra Large","db.r6i.xlarge","32 GiB","0 GiB (EBS only)","4 vCPUs","Up to 12.5 Gbps","$0.5700 hourly","$0.3890 hourly","$0.5400 hourly","$0.3680 hourly","unavailable","unavailable","$0.8010 hourly","$0.6728 hourly","$1.4360 hourly","$1.3570 hourly","$2.5580 hourly","$2.5516 hourly","$0.6600 hourly","$0.4340 hourly","$0.8580 hourly","$0.5400 hourly","$0.3680 hourly","$0.5260 hourly","$0.3802 hourly"
"R6GD Extra Large","db.r6gd.xlarge","32 GiB","1 x 237 NVMe SSD","4 vCPUs","Up to 10 Gigabit","$0.5880 hourly","$0.4531 hourly","$0.5880 hourly","$0.4531 hourly","unavailable","unavailable","unavailable","unavailable","unavailable","unavailable","unavailable","unavailable","$0.7080 hourly","$0.5452 hourly","$0.9200 hourly","$0.5880 hourly","unavailable","unavailable","unavailable"
"M5D Extra Large","db.m5d.xlarge","16 GiB","1 x 150 NVMe SSD","4 vCPUs","Up to 10 Gbps","$0.6110 hourly","$0.4706 hourly","$0.6110 hourly","$0.4706 hourly","unavailable","unavailable","$0.6200 hourly","$0.4232 hourly","$1.3170 hourly","$1.0368 hourly","$2.4100 hourly","$2.3377 hourly","unavailable","unavailable","unavailable","$0.6110 hourly","unavailable","$0.5670 hourly","$0.4090 hourly"
"R5D Extra Large","db.r5d.xlarge","32 GiB","1 x 150 NVMe SSD","4 vCPUs","Up to 10 Gbps","$0.6620 hourly","$0.5098 hourly","$0.6620 hourly","$0.5098 hourly","unavailable","unavailable","$0.9700 hourly","$0.8144 hourly","$1.5940 hourly","$1.5062 hourly","$2.5820 hourly","$2.5753 hourly","unavailable","unavailable","unavailable","$0.6620 hourly","unavailable","$0.6010 hourly","$0.4320 hourly"
"T4G Double Extra Large","db.t4g.2xlarge","32 GiB","0 GiB (EBS only)","8 vCPUs","Up to 5 Gigabit","$0.6690 hourly","$0.5284 hourly","$0.6690 hourly","$0.5284 hourly","unavailable","unavailable","unavailable","unavailable","unavailable","unavailable","unavailable","unavailable","unavailable","unavailable","unavailable","$0.6690 hourly","$0.5284 hourly","unavailable","unavailable"
"T3 Double Extra Large","db.t3.2xlarge","32 GiB","0 GiB (EBS only)","8 vCPUs","Moderate","$0.8480 hourly","$0.6589 hourly","$0.7840 hourly","$0.7040 hourly","unavailable","unavailable","$0.8330 hourly","$0.5248 hourly","$2.1250 hourly","$2.0082 hourly","$4.5570 hourly","unavailable","unavailable","unavailable","unavailable","$0.7840 hourly","$0.7040 hourly","$0.7840 hourly","$0.4939 hourly"
"T2 General Purpose Double Extra Large","db.t2.2xlarge","32 GiB","0 GiB (EBS only)","8 vCPUs","Moderate","$0.8480 hourly","unavailable","$0.7960 hourly","unavailable","unavailable","unavailable","unavailable","unavailable","unavailable","unavailable","unavailable","unavailable","unavailable","unavailable","unavailable","$0.7960 hourly","unavailable","$0.7968 hourly","unavailable"
"M6G Double Extra Large","db.m6g.2xlarge","32 GiB","0 GiB (EBS only)","8 vCPUs","Up to 10 Gigabit","$0.9040 hourly","$0.5788 hourly","$0.8570 hourly","$0.5490 hourly","unavailable","unavailable","unavailable","unavailable","unavailable","unavailable","unavailable","unavailable","unavailable","unavailable","unavailable","$0.8570 hourly","$0.5490 hourly","unavailable","unavailable"
"M7G Double Extra Large","db.m7g.2xlarge","32 GiB","0 GiB (EBS only)","8 vCPUs","Up to 15 Gigabit","$0.9580 hourly","$0.7377 hourly","$0.9580 hourly","$0.7376 hourly","unavailable","unavailable","unavailable","unavailable","unavailable","unavailable","unavailable","unavailable","unavailable","unavailable","unavailable","$0.9580 hourly","$0.7376 hourly","unavailable","unavailable"
"M6I Double Extra Large","db.m6i.2xlarge","32 GiB","0 GiB (EBS only)","8 vCPUs","Up to 12.5 Gbps","$1.0120 hourly","$0.6480 hourly","$0.9640 hourly","$0.6176 hourly","unavailable","unavailable","$1.4730 hourly","$1.1860 hourly","$2.7780 hourly","$2.4820 hourly","$4.7860 hourly","$4.5560 hourly","unavailable","unavailable","unavailable","$0.9640 hourly","$0.6176 hourly","$0.9640 hourly","$0.6912 hourly"
"M5 Double Extra Large","db.m5.2xlarge","32 GiB","0 GiB (EBS only)","8 vCPUs","Up to 10 Gigabit","$1.0120 hourly","$0.6482 hourly","$0.9640 hourly","$0.6174 hourly","unavailable","unavailable","$1.4730 hourly","$1.1860 hourly","$2.7780 hourly","$2.4820 hourly","$4.7860 hourly","$4.5560 hourly","unavailable","unavailable","unavailable","$0.9640 hourly","$0.6174 hourly","$0.9640 hourly","$0.6009 hourly"
"R6G Double Extra Large","db.r6g.2xlarge","64 GiB","0 GiB (EBS only)","8 vCPUs","Up to 10 Gigabit","$1.0250 hourly","$0.6996 hourly","$0.9670 hourly","$0.6587 hourly","unavailable","unavailable","unavailable","unavailable","unavailable","unavailable","unavailable","unavailable","$1.1810 hourly","$0.7769 hourly","$1.5350 hourly","$0.9670 hourly","$0.6587 hourly","unavailable","unavailable"
"M4 General Purpose Double Extra Large","db.m4.2xlarge","32 GiB","0 GiB (EBS only)","8 vCPUs","High","$1.0290 hourly","unavailable","$0.9860 hourly","unavailable","unavailable","unavailable","$1.4730 hourly","unavailable","$2.7780 hourly","unavailable","$4.7860 hourly","unavailable","unavailable","unavailable","unavailable","$0.9860 hourly","unavailable","$0.9860 hourly","unavailable"
"M6GD Double Extra Large","db.m6gd.2xlarge","32 GiB","1 x 475 NVMe SSD","8 vCPUs","Up to 10 Gigabit","$1.0790 hourly","$0.8309 hourly","$1.0790 hourly","$0.8309 hourly","unavailable","unavailable","unavailable","unavailable","unavailable","unavailable","unavailable","unavailable","unavailable","unavailable","unavailable","$1.0790 hourly","unavailable","unavailable","unavailable"
"R7G Double Extra Large","db.r7g.2xlarge","64 GiB","0 GiB (EBS only)","8 vCPUs","Up to 15 Gigabit","$1.0880 hourly","$0.8378 hourly","$1.0880 hourly","$0.8378 hourly","unavailable","unavailable","unavailable","unavailable","unavailable","unavailable","unavailable","unavailable","unavailable","unavailable","unavailable","$1.0880 hourly","$0.8378 hourly","unavailable","unavailable"
"R3 Memory Optimized Double Extra Large","db.r3.2xlarge","61 GiB","1 x 160 SSD","8 vCPUs","High","$1.1350 hourly","unavailable","$1.0780 hourly","unavailable","unavailable","unavailable","unavailable","unavailable","unavailable","unavailable","unavailable","unavailable","unavailable","unavailable","unavailable","$1.0780 hourly","unavailable","$1.0780 hourly","unavailable"
"R6I Double Extra Large","db.r6i.2xlarge","64 GiB","0 GiB (EBS only)","8 vCPUs","Up to 12.5 Gbps","$1.1400 hourly","$0.7780 hourly","$1.0800 hourly","$0.7360 hourly","unavailable","unavailable","$1.6020 hourly","$1.3457 hourly","$2.8720 hourly","$2.7140 hourly","$5.1160 hourly","$5.1032 hourly","$1.3200 hourly","$0.8680 hourly","$1.7160 hourly","$1.0800 hourly","$0.7360 hourly","$1.0520 hourly","$0.7603 hourly"
"R5 Double Extra Large","db.r5.2xlarge","64 GiB","0 GiB (EBS only)","8 vCPUs","Up to 10 Gigabit","$1.1400 hourly","$0.7781 hourly","$1.0800 hourly","$0.7360 hourly","unavailable","unavailable","$1.6020 hourly","$1.3457 hourly","$2.8720 hourly","$2.7140 hourly","$5.1160 hourly","$5.1032 hourly","$1.3200 hourly","$0.8690 hourly","$1.7160 hourly","$1.0800 hourly","$0.7360 hourly","$1.0520 hourly","$0.7180 hourly"
"R4 Memory Optimized Double Extra Large","db.r4.2xlarge","61 GiB","0 GiB (EBS only)","8 vCPUs","Up to 10 Gigabit","$1.1400 hourly","unavailable","$1.0800 hourly","unavailable","unavailable","unavailable","$1.6020 hourly","unavailable","$2.8720 hourly","unavailable","$5.1160 hourly","unavailable","$1.3200 hourly","unavailable","unavailable","$1.0800 hourly","unavailable","$1.0800 hourly","unavailable"
"R6GD Double Extra Large","db.r6gd.2xlarge","64 GiB","1 x 475 NVMe SSD","8 vCPUs","Up to 10 Gigabit","$1.1770 hourly","$0.9061 hourly","$1.1770 hourly","$0.9061 hourly","unavailable","unavailable","unavailable","unavailable","unavailable","unavailable","unavailable","unavailable","$1.4160 hourly","$1.0903 hourly","$1.8410 hourly","$1.1770 hourly","unavailable","unavailable","unavailable"
"M5D Double Extra Large","db.m5d.2xlarge","32 GiB","1 x 300 NVMe SSD","8 vCPUs","Up to 10 Gbps","$1.2220 hourly","$0.9413 hourly","$1.2220 hourly","$0.9413 hourly","unavailable","unavailable","$1.2390 hourly","$0.8454 hourly","$2.6330 hourly","$2.0736 hourly","$4.8200 hourly","$4.6754 hourly","unavailable","unavailable","unavailable","$1.2220 hourly","unavailable","$1.1350 hourly","$0.8179 hourly"
"R5D Double Extra Large","db.r5d.2xlarge","64 GiB","1 x 300 NVMe SSD","8 vCPUs","Up to 10 Gbps","$1.3240 hourly","$1.0196 hourly","$1.3240 hourly","$1.0196 hourly","unavailable","unavailable","$1.9370 hourly","$1.6273 hourly","$3.1880 hourly","$3.0125 hourly","$5.1640 hourly","$5.1507 hourly","unavailable","unavailable","unavailable","$1.3240 hourly","unavailable","$1.2020 hourly","$0.8640 hourly"
"M6G Quadruple Extra Large","db.m6g.4xlarge","64 GiB","0 GiB (EBS only)","16 vCPUs","Up to 10 Gigabit","$1.8080 hourly","$1.1577 hourly","$1.7140 hourly","$1.0980 hourly","unavailable","unavailable","unavailable","unavailable","unavailable","unavailable","unavailable","unavailable","unavailable","unavailable","unavailable","$1.7140 hourly","$1.0980 hourly","unavailable","unavailable"
"M7G Quadruple Extra Large","db.m7g.4xlarge","64 GiB","0 GiB (EBS only)","16 vCPUs","Up to 15 Gigabit","$1.9160 hourly","$1.4753 hourly","$1.9160 hourly","$1.4753 hourly","unavailable","unavailable","unavailable","unavailable","unavailable","unavailable","unavailable","unavailable","unavailable","unavailable","unavailable","$1.9160 hourly","$1.4753 hourly","unavailable","unavailable"
"M6I Quadruple Extra Large","db.m6i.4xlarge","64 GiB","0 GiB (EBS only)","16 vCPUs","Up to 12.5 Gbps","$2.0240 hourly","$1.2960 hourly","$1.9280 hourly","$1.2352 hourly","unavailable","unavailable","$2.9460 hourly","$2.3720 hourly","$5.5570 hourly","$4.9640 hourly","$9.5730 hourly","$9.1120 hourly","unavailable","unavailable","unavailable","$1.9280 hourly","$1.2352 hourly","$1.9280 hourly","$1.3824 hourly"
"M5 Quadruple Extra Large","db.m5.4xlarge","64 GiB","0 GiB (EBS only)","16 vCPUs","Up to 10 Gigabit","$2.0240 hourly","$1.2964 hourly","$1.9280 hourly","$1.2349 hourly","unavailable","unavailable","$2.9460 hourly","$2.3720 hourly","$5.5570 hourly","$4.9640 hourly","$9.5730 hourly","$9.1120 hourly","unavailable","unavailable","unavailable","$1.9280 hourly","$1.2349 hourly","$1.9280 hourly","$1.2019 hourly"
"R6G Quadruple Extra Large","db.r6g.4xlarge","128 GiB","0 GiB (EBS only)","16 vCPUs","Up to 10 Gigabit","$2.0500 hourly","$1.3992 hourly","$1.9330 hourly","$1.3174 hourly","unavailable","unavailable","unavailable","unavailable","unavailable","unavailable","unavailable","unavailable","$2.3630 hourly","$1.5537 hourly","$3.0720 hourly","$1.9330 hourly","$1.3174 hourly","unavailable","unavailable"
"M4 General Purpose Quadruple Extra Large","db.m4.4xlarge","64 GiB","0 GiB (EBS only)","16 vCPUs","High","$2.0600 hourly","unavailable","$1.9750 hourly","unavailable","unavailable","unavailable","$2.9460 hourly","unavailable","$5.5570 hourly","unavailable","$9.5730 hourly","unavailable","unavailable","unavailable","unavailable","$1.9750 hourly","unavailable","$1.9750 hourly","unavailable"
"M6GD Quadruple Extra Large","db.m6gd.4xlarge","64 GiB","1 x 950 NVMe SSD","16 vCPUs","Up to 10 Gigabit","$2.1580 hourly","$1.6618 hourly","$2.1580 hourly","$1.6618 hourly","unavailable","unavailable","unavailable","unavailable","unavailable","unavailable","unavailable","unavailable","unavailable","unavailable","unavailable","$2.1580 hourly","unavailable","unavailable","unavailable"
"R7G Quadruple Extra Large","db.r7g.4xlarge","128 GiB","0 GiB (EBS only)","16 vCPUs","Up to 15 Gigabit","$2.1760 hourly","$1.6755 hourly","$2.1760 hourly","$1.6755 hourly","unavailable","unavailable","unavailable","unavailable","unavailable","unavailable","unavailable","unavailable","unavailable","unavailable","unavailable","$2.1760 hourly","$1.6755 hourly","unavailable","unavailable"
"R3 Memory Optimized Quadruple Extra Large","db.r3.4xlarge","122 GiB","1 x 320 SSD","16 vCPUs","High","$2.2700 hourly","unavailable","$2.1560 hourly","unavailable","unavailable","unavailable","unavailable","unavailable","unavailable","unavailable","unavailable","unavailable","unavailable","unavailable","unavailable","$2.1560 hourly","unavailable","$2.1560 hourly","unavailable"
"R6I Quadruple Extra Large","db.r6i.4xlarge","128 GiB","0 GiB (EBS only)","16 vCPUs","Up to 12.5 Gbps","$2.2800 hourly","$1.5560 hourly","$2.1600 hourly","$1.4720 hourly","unavailable","unavailable","$3.2040 hourly","$2.6914 hourly","$5.7440 hourly","$5.4281 hourly","$10.2320 hourly","$10.2064 hourly","$2.6400 hourly","$1.7360 hourly","$3.4320 hourly","$2.1600 hourly","$1.4720 hourly","$2.1040 hourly","$1.5206 hourly"
"R5 Quadruple Extra Large","db.r5.4xlarge","128 GiB","0 GiB (EBS only)","16 vCPUs","Up to 10 Gigabit","$2.2800 hourly","$1.5561 hourly","$2.1600 hourly","$1.4720 hourly","unavailable","unavailable","$3.2040 hourly","$2.6914 hourly","$5.7440 hourly","$5.4281 hourly","$10.2320 hourly","$10.2064 hourly","$2.6400 hourly","$1.7370 hourly","$3.4320 hourly","$2.1600 hourly","$1.4720 hourly","$2.1040 hourly","$1.4360 hourly"
"R4 Memory Optimized Quadruple Extra Large","db.r4.4xlarge","122 GiB","0 GiB (EBS only)","16 vCPUs","Up to 10 Gigabit","$2.2800 hourly","unavailable","$2.1600 hourly","unavailable","unavailable","unavailable","unavailable","unavailable","$5.7440 hourly","unavailable","$10.2320 hourly","unavailable","$2.6400 hourly","unavailable","unavailable","$2.1600 hourly","unavailable","$2.1600 hourly","unavailable"
"R6GD Quadruple Extra Large","db.r6gd.4xlarge","128 GiB","1 x 950 NVMe SSD","16 vCPUs","Up to 10 Gigabit","$2.3540 hourly","$1.8123 hourly","$2.3540 hourly","$1.8123 hourly","unavailable","unavailable","unavailable","unavailable","unavailable","unavailable","unavailable","unavailable","$2.8320 hourly","$2.1806 hourly","$3.6820 hourly","$2.3540 hourly","unavailable","unavailable","unavailable"
"M5D Quadruple Extra Large","db.m5d.4xlarge","64 GiB","2 x 300 NVMe SSD","16 vCPUs","Up to 10 Gbps","$2.4450 hourly","$1.8825 hourly","$2.4450 hourly","$1.8825 hourly","unavailable","unavailable","$2.4780 hourly","$1.6909 hourly","$5.2660 hourly","$4.1473 hourly","$9.6400 hourly","$9.3508 hourly","unavailable","unavailable","unavailable","$2.4450 hourly","unavailable","$2.2690 hourly","$1.6358 hourly"
"R5D Quadruple Extra Large","db.r5d.4xlarge","128 GiB","2 x 300 NVMe SSD","16 vCPUs","Up to 10 Gbps","$2.6480 hourly","$2.0392 hourly","$2.6480 hourly","$2.0392 hourly","unavailable","unavailable","$3.8750 hourly","$3.2546 hourly","$6.3760 hourly","$6.0249 hourly","$10.3270 hourly","$10.3014 hourly","unavailable","unavailable","unavailable","$2.6480 hourly","unavailable","$2.4050 hourly","$1.7280 hourly"
"M6G Eight Extra Large","db.m6g.8xlarge","128 GiB","0 GiB (EBS only)","32 vCPUs","10 Gigabit","$3.6160 hourly","$2.3153 hourly","$3.4280 hourly","$2.1959 hourly","unavailable","unavailable","unavailable","unavailable","unavailable","unavailable","unavailable","unavailable","unavailable","unavailable","unavailable","$3.4280 hourly","$2.1959 hourly","unavailable","unavailable"
"M7G Eight Extra Large","db.m7g.8xlarge","128 GiB","0 GiB (EBS only)","32 vCPUs","15 Gigabit","$3.8320 hourly","$2.9507 hourly","$3.8320 hourly","$2.9505 hourly","unavailable","unavailable","unavailable","unavailable","unavailable","unavailable","unavailable","unavailable","unavailable","unavailable","unavailable","$3.8320 hourly","$2.9505 hourly","unavailable","unavailable"
"M5 Eight Extra Large","db.m5.8xlarge","128 GiB","0 GiB (EBS only)","32 vCPUs","10 Gigabit","$4.0480 hourly","$2.5920 hourly","$3.8600 hourly","$2.4704 hourly","unavailable","unavailable","unavailable","unavailable","$11.1120 hourly","$10.0028 hourly","$19.1440 hourly","$19.0645 hourly","unavailable","unavailable","unavailable","$3.8600 hourly","$2.4704 hourly","$3.8560 hourly","$2.3888 hourly"
"M6I Eight Extra Large","db.m6i.8xlarge","128 GiB","0 GiB (EBS only)","32 vCPUs","12.5 Gbps","$4.0480 hourly","$2.5920 hourly","$3.8560 hourly","$2.4704 hourly","unavailable","unavailable","unavailable","unavailable","$11.1120 hourly","$9.9280 hourly","$19.1440 hourly","$18.2240 hourly","unavailable","unavailable","unavailable","$3.8560 hourly","$2.4704 hourly","$3.8560 hourly","$2.7648 hourly"
"R6G Eight Extra Large","db.r6g.8xlarge","256 GiB","0 GiB (EBS only)","32 vCPUs","10 Gigabit","$4.1000 hourly","$2.7983 hourly","$3.8660 hourly","$2.6349 hourly","unavailable","unavailable","unavailable","unavailable","unavailable","unavailable","unavailable","unavailable","$4.7260 hourly","$3.1074 hourly","$6.1440 hourly","$3.8660 hourly","$2.6349 hourly","unavailable","unavailable"
"M6GD Eight Extra Large","db.m6gd.8xlarge","128 GiB","1 x 1900 NVMe SSD","32 vCPUs","10 Gigabit","$4.3160 hourly","$3.3236 hourly","$4.3160 hourly","$3.3236 hourly","unavailable","unavailable","unavailable","unavailable","unavailable","unavailable","unavailable","unavailable","unavailable","unavailable","unavailable","$4.3160 hourly","unavailable","unavailable","unavailable"
"R7G Eight Extra Large","db.r7g.8xlarge","256 GiB","0 GiB (EBS only)","32 vCPUs","15 Gigabit","$4.3520 hourly","$3.3510 hourly","$4.3520 hourly","$3.3510 hourly","unavailable","unavailable","unavailable","unavailable","unavailable","unavailable","unavailable","unavailable","unavailable","unavailable","unavailable","$4.3520 hourly","$3.3510 hourly","unavailable","unavailable"
"R3 Memory Optimized Eight Extra Large","db.r3.8xlarge","244 GiB","2 x 320 SSD","32 vCPUs","10 Gigabit","$4.5350 hourly","unavailable","$4.3120 hourly","unavailable","unavailable","unavailable","unavailable","unavailable","unavailable","unavailable","unavailable","unavailable","unavailable","unavailable","unavailable","$4.3120 hourly","unavailable","unavailable","unavailable"
"R6I Eight Extra Large","db.r6i.8xlarge","256 GiB","0 GiB (EBS only)","32 vCPUs","12.5 Gbps","$4.5600 hourly","$3.1120 hourly","$4.3200 hourly","$2.9440 hourly","unavailable","unavailable","unavailable","unavailable","$11.4880 hourly","$10.8562 hourly","$20.4640 hourly","$20.4128 hourly","$5.2800 hourly","$3.4720 hourly","$6.8640 hourly","$4.3200 hourly","$2.9440 hourly","$4.2080 hourly","$3.0413 hourly"
"R5 Eight Extra Large","db.r5.8xlarge","256 GiB","0 GiB (EBS only)","32 vCPUs","10 Gigabit","$4.5600 hourly","$3.2760 hourly","$4.3200 hourly","$2.9440 hourly","unavailable","unavailable","unavailable","unavailable","$11.4880 hourly","$10.8562 hourly","$20.4640 hourly","$20.4128 hourly","$5.2800 hourly","$3.4740 hourly","$6.8640 hourly","$4.3200 hourly","$2.9440 hourly","$4.2080 hourly","$2.8720 hourly"
"R4 Memory Optimized Eight Extra Large","db.r4.8xlarge","244 GiB","0 GiB (EBS only)","32 vCPUs","10 Gigabit","$4.5600 hourly","unavailable","$4.3200 hourly","unavailable","unavailable","unavailable","unavailable","unavailable","$11.4880 hourly","unavailable","$20.4640 hourly","unavailable","$5.2800 hourly","unavailable","unavailable","$4.3200 hourly","unavailable","$4.3200 hourly","unavailable"
"R6GD Eight Extra Large","db.r6gd.8xlarge","256 GiB","1 x 1900 NVMe SSD","32 vCPUs","10 Gigabit","$4.7070 hourly","$3.6246 hourly","$4.7070 hourly","$3.6246 hourly","unavailable","unavailable","unavailable","unavailable","unavailable","unavailable","unavailable","unavailable","$5.6640 hourly","$4.3613 hourly","$7.3630 hourly","$4.7070 hourly","unavailable","unavailable","unavailable"
"M5D Eight Extra Large","db.m5d.8xlarge","128 GiB","2 x 600 NVMe SSD","32 vCPUs","10 Gbps","$4.8900 hourly","$3.7650 hourly","$4.8900 hourly","$3.7650 hourly","unavailable","unavailable","unavailable","unavailable","$10.5330 hourly","$8.2946 hourly","$19.2800 hourly","$18.7016 hourly","unavailable","unavailable","unavailable","$4.8900 hourly","unavailable","$4.5390 hourly","$3.2717 hourly"
"M4 General Purpose Deca Extra Large","db.m4.10xlarge","160 GiB","0 GiB (EBS only)","40 vCPUs","10 Gigabit","$5.1510 hourly","unavailable","$4.9370 hourly","unavailable","unavailable","unavailable","unavailable","unavailable","$13.8900 hourly","unavailable","$23.9320 hourly","unavailable","unavailable","unavailable","unavailable","$4.9370 hourly","unavailable","$4.9370 hourly","unavailable"
"R5D Eight Extra Large","db.r5d.8xlarge","256 GiB","2 x 600 NVMe SSD","32 vCPUs","10 Gbps","$5.2970 hourly","$4.0784 hourly","$5.2970 hourly","$4.0784 hourly","unavailable","unavailable","unavailable","unavailable","$12.7510 hourly","$12.0499 hourly","$20.6540 hourly","$20.6028 hourly","unavailable","unavailable","unavailable","$5.2970 hourly","unavailable","$4.8100 hourly","$3.4560 hourly"
"M6G 12xlarge","db.m6g.12xlarge","192 GiB","0 GiB (EBS only)","48 vCPUs","12 gigabit","$5.4240 hourly","$3.4730 hourly","$5.1410 hourly","$3.2939 hourly","unavailable","unavailable","unavailable","unavailable","unavailable","unavailable","unavailable","unavailable","unavailable","unavailable","unavailable","$5.1410 hourly","$3.2939 hourly","unavailable","unavailable"
"M7G 12xlarge","db.m7g.12xlarge","192 GiB","0 GiB (EBS only)","48 vCPUs","20 Gigabit","$5.7480 hourly","$4.4260 hourly","$5.7480 hourly","$4.4258 hourly","unavailable","unavailable","unavailable","unavailable","unavailable","unavailable","unavailable","unavailable","unavailable","unavailable","unavailable","$5.7480 hourly","$4.4258 hourly","unavailable","unavailable"
"M6I 12xlarge","db.m6i.12xlarge","192 GiB","0 GiB (EBS only)","48 vCPUs","18.75 Gbps","$6.0720 hourly","$3.8880 hourly","$5.7840 hourly","$3.7056 hourly","unavailable","unavailable","unavailable","unavailable","unavailable","unavailable","$28.7160 hourly","$27.3360 hourly","unavailable","unavailable","unavailable","$5.7840 hourly","$3.7056 hourly","$5.7840 hourly","$4.1472 hourly"
"M5 12xlarge","db.m5.12xlarge","192 GiB","0 GiB (EBS only)","48 vCPUs","10 Gigabit","$6.0720 hourly","$3.8891 hourly","$5.7840 hourly","$3.7047 hourly","unavailable","unavailable","unavailable","unavailable","$16.6680 hourly","$14.8920 hourly","$28.7160 hourly","$27.3360 hourly","unavailable","unavailable","unavailable","$5.7840 hourly","$3.7047 hourly","$5.7840 hourly","$3.6057 hourly"
"R6G 12xlarge","db.r6g.12xlarge","384 GiB","0 GiB (EBS only)","48 vCPUs","20 Gigabit","$6.1510 hourly","$4.1975 hourly","$5.8000 hourly","$3.9523 hourly","unavailable","unavailable","unavailable","unavailable","unavailable","unavailable","unavailable","unavailable","$7.0880 hourly","$4.6612 hourly","$9.2140 hourly","$5.8000 hourly","$3.9523 hourly","unavailable","unavailable"
"M6GD 12xlarge","db.m6gd.12xlarge","192 GiB","2 x 1425 NVMe SSD","48 vCPUs","12 gigabit","$6.4740 hourly","$4.9854 hourly","$6.4740 hourly","$4.9854 hourly","unavailable","unavailable","unavailable","unavailable","unavailable","unavailable","unavailable","unavailable","unavailable","unavailable","unavailable","$6.4740 hourly","unavailable","unavailable","unavailable"
"R7G 12xlarge","db.r7g.12xlarge","384 GiB","0 GiB (EBS only)","48 vCPUs","22.5 Gigabit","$6.5280 hourly","$5.0266 hourly","$6.5280 hourly","$5.0266 hourly","unavailable","unavailable","unavailable","unavailable","unavailable","unavailable","unavailable","unavailable","unavailable","unavailable","unavailable","$6.5280 hourly","$5.0266 hourly","unavailable","unavailable"
"R6I 12xlarge","db.r6i.12xlarge","384 GiB","0 GiB (EBS only)","48 vCPUs","18.75 Gbps","$6.8400 hourly","$4.6680 hourly","$6.4800 hourly","$4.4160 hourly","unavailable","unavailable","unavailable","unavailable","unavailable","unavailable","$30.6960 hourly","$30.6193 hourly","$7.9200 hourly","$5.2080 hourly","$10.2960 hourly","$6.4800 hourly","$4.4160 hourly","$6.3120 hourly","$4.5619 hourly"
"R5 12xlarge","db.r5.12xlarge","384 GiB","0 GiB (EBS only)","48 vCPUs","10 Gigabit","$6.8400 hourly","$4.6683 hourly","$6.4800 hourly","$4.4160 hourly","unavailable","unavailable","unavailable","unavailable","$30.6960 hourly","$29.0077 hourly","$30.6960 hourly","$30.6193 hourly","$7.9200 hourly","$5.2110 hourly","$10.2960 hourly","$6.4800 hourly","$4.4160 hourly","$6.3120 hourly","$4.3079 hourly"
"R6GD 12xlarge","db.r6gd.12xlarge","384 GiB","2 x 1425 NVMe SSD","48 vCPUs","20 Gigabit","$7.0610 hourly","$5.4369 hourly","$7.0610 hourly","$5.4369 hourly","unavailable","unavailable","unavailable","unavailable","unavailable","unavailable","unavailable","unavailable","$8.4960 hourly","$6.5419 hourly","$11.0450 hourly","$7.0610 hourly","unavailable","unavailable","unavailable"
"M6G 16xlarge","db.m6g.16xlarge","256 GiB","0 GiB (EBS only)","64 vCPUs","25 Gigabit","$7.2320 hourly","$4.6307 hourly","$6.8550 hourly","$4.3918 hourly","unavailable","unavailable","unavailable","unavailable","unavailable","unavailable","unavailable","unavailable","unavailable","unavailable","unavailable","$6.8550 hourly","$4.3918 hourly","unavailable","unavailable"
"M5D 12xlarge","db.m5d.12xlarge","192 GiB","2 x 900 NVMe SSD","48 vCPUs","12 Gbps","$7.3340 hourly","$5.6476 hourly","$7.3340 hourly","$5.6476 hourly","unavailable","unavailable","unavailable","unavailable","$15.7990 hourly","$12.4419 hourly","$28.9200 hourly","$28.0524 hourly","unavailable","unavailable","unavailable","$7.3340 hourly","unavailable","$6.8080 hourly","$4.9075 hourly"
"M7G 16xlarge","db.m7g.16xlarge","256 GiB","0 GiB (EBS only)","64 vCPUs","25 Gigabit","$7.6640 hourly","$5.9013 hourly","$7.6640 hourly","$5.9011 hourly","unavailable","unavailable","unavailable","unavailable","unavailable","unavailable","unavailable","unavailable","unavailable","unavailable","unavailable","$7.6640 hourly","$5.9011 hourly","unavailable","unavailable"
"R5D 12xlarge","db.r5d.12xlarge","384 GiB","2 x 900 NVMe SSD","48 vCPUs","10 Gbps","$7.9450 hourly","$6.1176 hourly","$7.9450 hourly","$6.1176 hourly","unavailable","unavailable","unavailable","unavailable","$19.1270 hourly","$18.0748 hourly","$30.9820 hourly","$30.9041 hourly","unavailable","unavailable","unavailable","$7.9450 hourly","unavailable","$7.2150 hourly","$5.1840 hourly"
"M5 16xlarge","db.m5.16xlarge","256 GiB","0 GiB (EBS only)","64 vCPUs","20 Gigabit","$8.0960 hourly","$5.1840 hourly","$7.7100 hourly","$4.9408 hourly","unavailable","unavailable","unavailable","unavailable","$22.2240 hourly","$20.0055 hourly","$38.2880 hourly","$38.1291 hourly","unavailable","unavailable","unavailable","$7.7100 hourly","$4.9408 hourly","$7.7120 hourly","$4.7776 hourly"
"M6I 16xlarge","db.m6i.16xlarge","256 GiB","0 GiB (EBS only)","64 vCPUs","25 Gbps","$8.0960 hourly","$5.1840 hourly","$7.7120 hourly","$4.9408 hourly","unavailable","unavailable","unavailable","unavailable","unavailable","unavailable","$38.2880 hourly","$36.4480 hourly","unavailable","unavailable","unavailable","$7.7120 hourly","$4.9408 hourly","$7.7120 hourly","$5.5296 hourly"
"R6G 16xlarge","db.r6g.16xlarge","512 GiB","0 GiB (EBS only)","64 vCPUs","25 Gigabit","$8.2010 hourly","$5.5966 hourly","$7.7330 hourly","$5.2698 hourly","unavailable","unavailable","unavailable","unavailable","unavailable","unavailable","unavailable","unavailable","$9.4510 hourly","$6.2149 hourly","$12.2860 hourly","$7.7330 hourly","$5.2698 hourly","unavailable","unavailable"
"M4 General Purpose 16xlarge","db.m4.16xlarge","256 GiB","0 GiB (EBS only)","64 vCPUs","20 Gigabit","$8.2400 hourly","unavailable","$7.8400 hourly","unavailable","unavailable","unavailable","unavailable","unavailable","$22.2240 hourly","unavailable","$38.2880 hourly","unavailable","unavailable","unavailable","unavailable","$7.8400 hourly","unavailable","$7.8976 hourly","unavailable"
"M6GD 16xlarge","db.m6gd.16xlarge","256 GiB","2 x 1900 NVMe SSD","64 vCPUs","25 Gigabit","$8.6330 hourly","$6.6472 hourly","$8.6330 hourly","$6.6472 hourly","unavailable","unavailable","unavailable","unavailable","unavailable","unavailable","unavailable","unavailable","unavailable","unavailable","unavailable","$8.6330 hourly","unavailable","unavailable","unavailable"
"R7G 16xlarge","db.r7g.16xlarge","512 GiB","0 GiB (EBS only)","64 vCPUs","30 Gigabit","$8.7040 hourly","$6.7021 hourly","$8.7040 hourly","$6.7021 hourly","unavailable","unavailable","unavailable","unavailable","unavailable","unavailable","unavailable","unavailable","unavailable","unavailable","unavailable","$8.7040 hourly","$6.7021 hourly","unavailable","unavailable"
"R5 16xlarge","db.r5.16xlarge","512 GiB","0 GiB (EBS only)","64 vCPUs","20 Gigabit","$9.1200 hourly","$6.5520 hourly","$8.6400 hourly","$5.8880 hourly","unavailable","unavailable","unavailable","unavailable","$22.9760 hourly","$21.7123 hourly","$40.9280 hourly","$40.8257 hourly","$10.5600 hourly","$6.9480 hourly","$13.7280 hourly","$8.6400 hourly","$5.8880 hourly","$8.4160 hourly","$5.7439 hourly"
"R6I 16xlarge","db.r6i.16xlarge","512 GiB","0 GiB (EBS only)","64 vCPUs","25 Gbps","$9.1200 hourly","$6.2240 hourly","$8.6400 hourly","$5.8880 hourly","unavailable","unavailable","unavailable","unavailable","unavailable","unavailable","$40.9280 hourly","$40.8257 hourly","$10.5600 hourly","$6.9440 hourly","$13.7280 hourly","$8.6400 hourly","$5.8880 hourly","$8.4160 hourly","$6.0826 hourly"
"R4 Memory Optimized 16xlarge","db.r4.16xlarge","488 GiB","0 GiB (EBS only)","64 vCPUs","20 Gigabit","$9.1200 hourly","unavailable","$8.6400 hourly","unavailable","unavailable","unavailable","unavailable","unavailable","$22.9760 hourly","unavailable","$40.9280 hourly","unavailable","$10.5600 hourly","unavailable","unavailable","$8.6400 hourly","unavailable","$8.6400 hourly","unavailable"
"R6GD 16xlarge","db.r6gd.16xlarge","512 GiB","2 x 1900 NVMe SSD","64 vCPUs","25 Gigabit","$9.4140 hourly","$7.2492 hourly","$9.4140 hourly","$7.2492 hourly","unavailable","unavailable","unavailable","unavailable","unavailable","unavailable","unavailable","unavailable","$11.3280 hourly","$8.7226 hourly","$14.7260 hourly","$9.4140 hourly","unavailable","unavailable","unavailable"
"M5D 16xlarge","db.m5d.16xlarge","256 GiB","4 x 600 NVMe SSD","64 vCPUs","20 Gbps","$9.7790 hourly","$7.5301 hourly","$9.7790 hourly","$7.5301 hourly","unavailable","unavailable","unavailable","unavailable","$21.0660 hourly","$16.5892 hourly","$38.5600 hourly","$37.4032 hourly","unavailable","unavailable","unavailable","$9.7790 hourly","unavailable","$9.0770 hourly","$6.5434 hourly"
"R5D 16xlarge","db.r5d.16xlarge","512 GiB","4 x 600 NVMe SSD","64 vCPUs","20 Gbps","$10.5930 hourly","$8.1568 hourly","$10.5930 hourly","$8.1568 hourly","unavailable","unavailable","unavailable","unavailable","$25.5020 hourly","$24.0998 hourly","$41.3090 hourly","$41.2055 hourly","unavailable","unavailable","unavailable","$10.5930 hourly","unavailable","$9.6190 hourly","$6.9120 hourly"
"M5 24xlarge","db.m5.24xlarge","384 GiB","0 GiB (EBS only)","96 vCPUs","25 Gigabit","$12.1440 hourly","$7.7782 hourly","$11.5680 hourly","$7.4093 hourly","unavailable","unavailable","unavailable","unavailable","$33.3360 hourly","$29.7840 hourly","$57.4320 hourly","$54.6720 hourly","unavailable","unavailable","unavailable","$11.5680 hourly","$7.4093 hourly","$11.5680 hourly","$7.2113 hourly"
"M6I 24xlarge","db.m6i.24xlarge","384 GiB","0 GiB (EBS only)","96 vCPUs","37.5 Gbps","$12.1440 hourly","$7.7760 hourly","$11.5680 hourly","$7.4112 hourly","unavailable","unavailable","unavailable","unavailable","unavailable","unavailable","$57.4320 hourly","$54.6720 hourly","unavailable","unavailable","unavailable","$11.5680 hourly","$7.4112 hourly","$11.5680 hourly","$8.2944 hourly"
"R5 24xlarge","db.r5.24xlarge","768 GiB","0 GiB (EBS only)","96 vCPUs","25 Gigabit","$13.6800 hourly","$9.3366 hourly","$12.9600 hourly","$8.8320 hourly","unavailable","unavailable","unavailable","unavailable","$34.4640 hourly","$32.5685 hourly","$61.3920 hourly","$61.2385 hourly","$15.8400 hourly","$10.4220 hourly","$20.5920 hourly","$12.9600 hourly","$8.8320 hourly","$12.6240 hourly","$8.6159 hourly"
"R6I 24xlarge","db.r6i.24xlarge","768 GiB","0 GiB (EBS only)","96 vCPUs","37.5 Gbps","$13.6800 hourly","$9.3360 hourly","$12.9600 hourly","$8.8320 hourly","unavailable","unavailable","unavailable","unavailable","unavailable","unavailable","$61.3920 hourly","$61.2385 hourly","$15.8400 hourly","$10.4160 hourly","$20.5920 hourly","$12.9600 hourly","$8.8320 hourly","$12.6240 hourly","$9.1238 hourly"
"M5D 24xlarge","db.m5d.24xlarge","384 GiB","4 x 900 NVMe SSD","96 vCPUs","25 Gbps","$14.6690 hourly","$11.2951 hourly","$14.6690 hourly","$11.2951 hourly","unavailable","unavailable","unavailable","unavailable","$31.5980 hourly","$24.8837 hourly","$57.8400 hourly","$56.1048 hourly","unavailable","unavailable","unavailable","$14.6690 hourly","unavailable","$13.6160 hourly","$9.8150 hourly"
"R5D 24xlarge","db.r5d.24xlarge","768 GiB","4 x 900 NVMe SSD","96 vCPUs","25 Gbps","$15.8900 hourly","$12.2352 hourly","$15.8900 hourly","$12.2352 hourly","unavailable","unavailable","unavailable","unavailable","$38.2540 hourly","$36.1497 hourly","$61.9630 hourly","$61.8083 hourly","unavailable","unavailable","unavailable","$15.8900 hourly","unavailable","$14.4290 hourly","$10.3680 hourly"
"M6I 32xlarge","db.m6i.32xlarge","512 GiB","0 GiB (EBS only)","128 vCPUs","50 Gbps","$16.1920 hourly","$10.3680 hourly","$15.4240 hourly","$9.8816 hourly","unavailable","unavailable","unavailable","unavailable","unavailable","unavailable","$76.5760 hourly","$72.8960 hourly","unavailable","unavailable","unavailable","$15.4240 hourly","$9.8816 hourly","$15.4240 hourly","$11.0592 hourly"
"R6I 32xlarge","db.r6i.32xlarge","1024 GiB","0 GiB (EBS only)","128 vCPUs","50 Gbps","$18.2400 hourly","$12.4480 hourly","$17.2800 hourly","$11.7760 hourly","unavailable","unavailable","unavailable","unavailable","unavailable","unavailable","$81.8560 hourly","$81.6513 hourly","$21.1200 hourly","$13.8880 hourly","$27.4560 hourly","$17.2800 hourly","$11.7760 hourly","$16.8320 hourly","$12.1651 hourly"
"T1 Micro","db.t1.micro","0.613 GiB","0 GiB (EBS only)","1 vCPUs","Very Low","unavailable","unavailable","unavailable","unavailable","unavailable","unavailable","unavailable","unavailable","unavailable","unavailable","unavailable","unavailable","unavailable","unavailable","unavailable","unavailable","unavailable","unavailable","unavailable"
"M1 General Purpose Small","db.m1.small","1.7 GiB","1 x 160","1 vCPUs","Low","unavailable","unavailable","unavailable","unavailable","unavailable","unavailable","unavailable","unavailable","unavailable","unavailable","unavailable","unavailable","unavailable","unavailable","unavailable","unavailable","unavailable","unavailable","unavailable"
"M3 General Purpose Medium","db.m3.medium","3.75 GiB","1 x 4 SSD","1 vCPUs","Moderate","unavailable","unavailable","unavailable","unavailable","unavailable","unavailable","unavailable","unavailable","unavailable","unavailable","unavailable","unavailable","unavailable","unavailable","unavailable","unavailable","unavailable","unavailable","unavailable"
"M1 General Purpose Medium","db.m1.medium","3.75 GiB","1 x 410","1 vCPUs","Moderate","unavailable","unavailable","unavailable","unavailable","unavailable","unavailable","unavailable","unavailable","unavailable","unavailable","unavailable","unavailable","unavailable","unavailable","unavailable","unavailable","unavailable","unavailable","unavailable"
"M3 General Purpose Large","db.m3.large","7.5 GiB","1 x 32 SSD","2 vCPUs","Moderate","unavailable","unavailable","unavailable","unavailable","unavailable","unavailable","unavailable","unavailable","unavailable","unavailable","unavailable","unavailable","unavailable","unavailable","unavailable","unavailable","unavailable","unavailable","unavailable"
"M6ID Large","db.m6id.large","8 GiB","1 x 118 NVMe SSD","2 vCPUs","Up to 12.5 Gbps","unavailable","unavailable","unavailable","unavailable","unavailable","unavailable","unavailable","unavailable","unavailable","unavailable","unavailable","unavailable","unavailable","unavailable","unavailable","unavailable","unavailable","unavailable","unavailable"
"M1 General Purpose Large","db.m1.large","7.5 GiB","2 x 420","2 vCPUs","Moderate","unavailable","unavailable","unavailable","unavailable","unavailable","unavailable","unavailable","unavailable","unavailable","unavailable","unavailable","unavailable","unavailable","unavailable","unavailable","unavailable","unavailable","unavailable","unavailable"
"M6IN Large","db.m6in.large","8 GiB","0 GiB (EBS only)","2 vCPUs","Up to 25 Gbps","unavailable","unavailable","unavailable","unavailable","unavailable","unavailable","unavailable","unavailable","unavailable","unavailable","unavailable","unavailable","unavailable","unavailable","unavailable","unavailable","unavailable","unavailable","unavailable"
"M6IDN Large","db.m6idn.large","8 GiB","1 x 118 NVMe SSD","2 vCPUs","Up to 25 Gbps","unavailable","unavailable","unavailable","unavailable","unavailable","unavailable","unavailable","unavailable","unavailable","unavailable","unavailable","unavailable","unavailable","unavailable","unavailable","unavailable","unavailable","unavailable","unavailable"
"R5B Large","db.r5b.large","16 GiB","0 GiB (EBS only)","2 vCPUs","Up to 10 Gigabit","unavailable","unavailable","unavailable","unavailable","unavailable","unavailable","unavailable","unavailable","unavailable","unavailable","unavailable","unavailable","unavailable","unavailable","unavailable","unavailable","unavailable","unavailable","unavailable"
"R6ID Large","db.r6id.large","16 GiB","1 x 118 NVMe SSD","2 vCPUs","Up to 12.5 Gbps","unavailable","unavailable","unavailable","unavailable","unavailable","unavailable","unavailable","unavailable","unavailable","unavailable","unavailable","unavailable","unavailable","unavailable","unavailable","unavailable","unavailable","unavailable","unavailable"
"X2G Large","db.x2g.large","32 GiB","0 GiB (EBS only)","2 vCPUs","Up to 10 Gigabit","unavailable","unavailable","unavailable","unavailable","unavailable","unavailable","unavailable","unavailable","unavailable","unavailable","unavailable","unavailable","unavailable","unavailable","unavailable","unavailable","unavailable","unavailable","unavailable"
"M2 High Memory Extra Large","db.m2.xlarge","17.1 GiB","1 x 420","2 vCPUs","Moderate","unavailable","unavailable","unavailable","unavailable","unavailable","unavailable","unavailable","unavailable","unavailable","unavailable","unavailable","unavailable","unavailable","unavailable","unavailable","unavailable","unavailable","unavailable","unavailable"
"R6IN Large","db.r6in.large","16 GiB","0 GiB (EBS only)","2 vCPUs","Up to 25 Gbps","unavailable","unavailable","unavailable","unavailable","unavailable","unavailable","unavailable","unavailable","unavailable","unavailable","unavailable","unavailable","unavailable","unavailable","unavailable","unavailable","unavailable","unavailable","unavailable"
"R6IDN Large","db.r6idn.large","16 GiB","1 x 118 NVMe SSD","2 vCPUs","Up to 25 Gbps","unavailable","unavailable","unavailable","unavailable","unavailable","unavailable","unavailable","unavailable","unavailable","unavailable","unavailable","unavailable","unavailable","unavailable","unavailable","unavailable","unavailable","unavailable","unavailable"
"M3 General Purpose Extra Large","db.m3.xlarge","15 GiB","2 x 40 SSD","4 vCPUs","High","unavailable","unavailable","unavailable","unavailable","unavailable","unavailable","unavailable","unavailable","unavailable","unavailable","unavailable","unavailable","unavailable","unavailable","unavailable","unavailable","unavailable","unavailable","unavailable"
"M6ID Extra Large","db.m6id.xlarge","16 GiB","1 x 237 NVMe SSD","4 vCPUs","Up to 12.5 Gbps","unavailable","unavailable","unavailable","unavailable","unavailable","unavailable","unavailable","unavailable","unavailable","unavailable","unavailable","unavailable","unavailable","unavailable","unavailable","unavailable","unavailable","unavailable","unavailable"
"M1 General Purpose Extra Large","db.m1.xlarge","15 GiB","4 x 420","4 vCPUs","High","unavailable","unavailable","unavailable","unavailable","unavailable","unavailable","unavailable","unavailable","unavailable","unavailable","unavailable","unavailable","unavailable","unavailable","unavailable","unavailable","unavailable","unavailable","unavailable"
"M6IN Extra Large","db.m6in.xlarge","16 GiB","0 GiB (EBS only)","4 vCPUs","Up to 30 Gbps","unavailable","unavailable","unavailable","unavailable","unavailable","unavailable","unavailable","unavailable","unavailable","unavailable","unavailable","unavailable","unavailable","unavailable","unavailable","unavailable","unavailable","unavailable","unavailable"
"M6IDN Extra Large","db.m6idn.xlarge","16 GiB","1 x 237 NVMe SSD","4 vCPUs","Up to 30 Gbps","unavailable","unavailable","unavailable","unavailable","unavailable","unavailable","unavailable","unavailable","unavailable","unavailable","unavailable","unavailable","unavailable","unavailable","unavailable","unavailable","unavailable","unavailable","unavailable"
"R5B Extra Large","db.r5b.xlarge","32 GiB","0 GiB (EBS only)","4 vCPUs","Up to 10 Gigabit","unavailable","unavailable","unavailable","unavailable","unavailable","unavailable","unavailable","unavailable","unavailable","unavailable","unavailable","unavailable","unavailable","unavailable","unavailable","unavailable","unavailable","unavailable","unavailable"
"R6ID Extra Large","db.r6id.xlarge","32 GiB","1 x 237 NVMe SSD","4 vCPUs","Up to 12.5 Gbps","unavailable","unavailable","unavailable","unavailable","unavailable","unavailable","unavailable","unavailable","unavailable","unavailable","unavailable","unavailable","unavailable","unavailable","unavailable","unavailable","unavailable","unavailable","unavailable"
"X2G Extra Large","db.x2g.xlarge","64 GiB","0 GiB (EBS only)","4 vCPUs","Up to 10 Gigabit","unavailable","unavailable","unavailable","unavailable","unavailable","unavailable","unavailable","unavailable","unavailable","unavailable","unavailable","unavailable","unavailable","unavailable","unavailable","unavailable","unavailable","unavailable","unavailable"
"M2 High Memory Double Extra Large","db.m2.2xlarge","34.2 GiB","1 x 850","4 vCPUs","Moderate","unavailable","unavailable","unavailable","unavailable","unavailable","unavailable","unavailable","unavailable","unavailable","unavailable","unavailable","unavailable","unavailable","unavailable","unavailable","unavailable","unavailable","unavailable","unavailable"
"R6IN Extra Large","db.r6in.xlarge","32 GiB","0 GiB (EBS only)","4 vCPUs","Up to 30 Gbps","unavailable","unavailable","unavailable","unavailable","unavailable","unavailable","unavailable","unavailable","unavailable","unavailable","unavailable","unavailable","unavailable","unavailable","unavailable","unavailable","unavailable","unavailable","unavailable"
"M3 General Purpose Double Extra Large","db.m3.2xlarge","30 GiB","2 x 80 SSD","8 vCPUs","High","unavailable","unavailable","unavailable","unavailable","unavailable","unavailable","unavailable","unavailable","unavailable","unavailable","unavailable","unavailable","unavailable","unavailable","unavailable","unavailable","unavailable","unavailable","unavailable"
"R6IDN Extra Large","db.r6idn.xlarge","32 GiB","1 x 237 NVMe SSD","4 vCPUs","Up to 30 Gbps","unavailable","unavailable","unavailable","unavailable","unavailable","unavailable","unavailable","unavailable","unavailable","unavailable","unavailable","unavailable","unavailable","unavailable","unavailable","unavailable","unavailable","unavailable","unavailable"
"M6ID Double Extra Large","db.m6id.2xlarge","32 GiB","1 x 474 NVMe SSD","8 vCPUs","Up to 12.5 Gbps","unavailable","unavailable","unavailable","unavailable","unavailable","unavailable","unavailable","unavailable","unavailable","unavailable","unavailable","unavailable","unavailable","unavailable","unavailable","unavailable","unavailable","unavailable","unavailable"
"M6IN Double Extra Large","db.m6in.2xlarge","32 GiB","0 GiB (EBS only)","8 vCPUs","Up to 40 Gbps","unavailable","unavailable","unavailable","unavailable","unavailable","unavailable","unavailable","unavailable","unavailable","unavailable","unavailable","unavailable","unavailable","unavailable","unavailable","unavailable","unavailable","unavailable","unavailable"
"M6IDN Double Extra Large","db.m6idn.2xlarge","32 GiB","1 x 474 NVMe SSD","8 vCPUs","Up to 40 Gbps","unavailable","unavailable","unavailable","unavailable","unavailable","unavailable","unavailable","unavailable","unavailable","unavailable","unavailable","unavailable","unavailable","unavailable","unavailable","unavailable","unavailable","unavailable","unavailable"
"R5B Double Extra Large","db.r5b.2xlarge","64 GiB","0 GiB (EBS only)","8 vCPUs","Up to 10 Gigabit","unavailable","unavailable","unavailable","unavailable","unavailable","unavailable","unavailable","unavailable","unavailable","unavailable","unavailable","unavailable","unavailable","unavailable","unavailable","unavailable","unavailable","unavailable","unavailable"
"R6ID Double Extra Large","db.r6id.2xlarge","64 GiB","1 x 474 NVMe SSD","8 vCPUs","Up to 12.5 Gbps","unavailable","unavailable","unavailable","unavailable","unavailable","unavailable","unavailable","unavailable","unavailable","unavailable","unavailable","unavailable","unavailable","unavailable","unavailable","unavailable","unavailable","unavailable","unavailable"
"X2G Double Extra Large","db.x2g.2xlarge","128 GiB","0 GiB (EBS only)","8 vCPUs","Up to 10 Gigabit","unavailable","unavailable","unavailable","unavailable","unavailable","unavailable","unavailable","unavailable","unavailable","unavailable","unavailable","unavailable","unavailable","unavailable","unavailable","unavailable","unavailable","unavailable","unavailable"
"R6IN Double Extra Large","db.r6in.2xlarge","64 GiB","0 GiB (EBS only)","8 vCPUs","Up to 40 Gbps","unavailable","unavailable","unavailable","unavailable","unavailable","unavailable","unavailable","unavailable","unavailable","unavailable","unavailable","unavailable","unavailable","unavailable","unavailable","unavailable","unavailable","unavailable","unavailable"
"M2 High Memory Quadruple Extra Large","db.m2.4xlarge","68.4 GiB","2 x 840","8 vCPUs","High","unavailable","unavailable","unavailable","unavailable","unavailable","unavailable","unavailable","unavailable","unavailable","unavailable","unavailable","unavailable","unavailable","unavailable","unavailable","unavailable","unavailable","unavailable","unavailable"
"R6IDN Double Extra Large","db.r6idn.2xlarge","64 GiB","1 x 474 NVMe SSD","8 vCPUs","Up to 40 Gbps","unavailable","unavailable","unavailable","unavailable","unavailable","unavailable","unavailable","unavailable","unavailable","unavailable","unavailable","unavailable","unavailable","unavailable","unavailable","unavailable","unavailable","unavailable","unavailable"
"M6ID Quadruple Extra Large","db.m6id.4xlarge","64 GiB","1 x 950 NVMe SSD","16 vCPUs","Up to 12.5 Gbps","unavailable","unavailable","unavailable","unavailable","unavailable","unavailable","unavailable","unavailable","unavailable","unavailable","unavailable","unavailable","unavailable","unavailable","unavailable","unavailable","unavailable","unavailable","unavailable"
"M6IN Quadruple Extra Large","db.m6in.4xlarge","64 GiB","0 GiB (EBS only)","16 vCPUs","Up to 50 Gbps","unavailable","unavailable","unavailable","unavailable","unavailable","unavailable","unavailable","unavailable","unavailable","unavailable","unavailable","unavailable","unavailable","unavailable","unavailable","unavailable","unavailable","unavailable","unavailable"
"X2IEDN Extra Large","db.x2iedn.xlarge","128 GiB","1 x 118 NVMe SSD","4 vCPUs","Up to 25 Gbps","unavailable","unavailable","unavailable","unavailable","unavailable","unavailable","unavailable","unavailable","$2.6750 hourly","$2.5145 hourly","$3.4218 hourly","unavailable","unavailable","unavailable","unavailable","unavailable","unavailable","$2.4260 hourly","$1.7467 hourly"
"M6IDN Quadruple Extra Large","db.m6idn.4xlarge","64 GiB","1 x 950 NVMe SSD","16 vCPUs","Up to 50 Gbps","unavailable","unavailable","unavailable","unavailable","unavailable","unavailable","unavailable","unavailable","unavailable","unavailable","unavailable","unavailable","unavailable","unavailable","unavailable","unavailable","unavailable","unavailable","unavailable"
"R5B Quadruple Extra Large","db.r5b.4xlarge","128 GiB","0 GiB (EBS only)","16 vCPUs","Up to 10 Gigabit","unavailable","unavailable","unavailable","unavailable","unavailable","unavailable","unavailable","unavailable","unavailable","unavailable","unavailable","unavailable","unavailable","unavailable","unavailable","unavailable","unavailable","unavailable","unavailable"
"R6ID Quadruple Extra Large","db.r6id.4xlarge","128 GiB","1 x 950 NVMe SSD","16 vCPUs","Up to 12.5 Gbps","unavailable","unavailable","unavailable","unavailable","unavailable","unavailable","unavailable","unavailable","unavailable","unavailable","unavailable","unavailable","unavailable","unavailable","unavailable","unavailable","unavailable","unavailable","unavailable"
"X2G Quadruple Extra Large","db.x2g.4xlarge","256 GiB","0 GiB (EBS only)","16 vCPUs","Up to 10 Gigabit","unavailable","unavailable","unavailable","unavailable","unavailable","unavailable","unavailable","unavailable","unavailable","unavailable","unavailable","unavailable","unavailable","unavailable","unavailable","unavailable","unavailable","unavailable","unavailable"
"R6IN Quadruple Extra Large","db.r6in.4xlarge","128 GiB","0 GiB (EBS only)","16 vCPUs","Up to 50 Gbps","unavailable","unavailable","unavailable","unavailable","unavailable","unavailable","unavailable","unavailable","unavailable","unavailable","unavailable","unavailable","unavailable","unavailable","unavailable","unavailable","unavailable","unavailable","unavailable"
"R6IDN Quadruple Extra Large","db.r6idn.4xlarge","128 GiB","1 x 950 NVMe SSD","16 vCPUs","Up to 50 Gbps","unavailable","unavailable","unavailable","unavailable","unavailable","unavailable","unavailable","unavailable","unavailable","unavailable","unavailable","unavailable","unavailable","unavailable","unavailable","unavailable","unavailable","unavailable","unavailable"
"M6ID Eight Extra Large","db.m6id.8xlarge","128 GiB","1 x 1900 NVMe SSD","32 vCPUs","12.5 Gbps","unavailable","unavailable","unavailable","unavailable","unavailable","unavailable","unavailable","unavailable","unavailable","unavailable","unavailable","unavailable","unavailable","unavailable","unavailable","unavailable","unavailable","unavailable","unavailable"
"M6IN Eight Extra Large","db.m6in.8xlarge","128 GiB","0 GiB (EBS only)","32 vCPUs","50 Gbps","unavailable","unavailable","unavailable","unavailable","unavailable","unavailable","unavailable","unavailable","unavailable","unavailable","unavailable","unavailable","unavailable","unavailable","unavailable","unavailable","unavailable","unavailable","unavailable"
"X2IEDN Double Extra Large","db.x2iedn.2xlarge","256 GiB","1 x 237 NVMe SSD","8 vCPUs","Up to 25 Gbps","unavailable","unavailable","unavailable","unavailable","unavailable","unavailable","unavailable","unavailable","$5.3490 hourly","$5.0281 hourly","$6.8436 hourly","unavailable","unavailable","unavailable","unavailable","unavailable","unavailable","$4.8510 hourly","$3.4934 hourly"
"M6IDN Eight Extra Large","db.m6idn.8xlarge","128 GiB","1 x 1900 NVMe SSD","32 vCPUs","50 Gbps","unavailable","unavailable","unavailable","unavailable","unavailable","unavailable","unavailable","unavailable","unavailable","unavailable","unavailable","unavailable","unavailable","unavailable","unavailable","unavailable","unavailable","unavailable","unavailable"
"R5B Eight Extra Large","db.r5b.8xlarge","256 GiB","0 GiB (EBS only)","32 vCPUs","10 Gigabit","unavailable","unavailable","unavailable","unavailable","unavailable","unavailable","unavailable","unavailable","unavailable","unavailable","unavailable","unavailable","unavailable","unavailable","unavailable","unavailable","unavailable","unavailable","unavailable"
"R6ID Eight Extra Large","db.r6id.8xlarge","256 GiB","1 x 1900 NVMe SSD","32 vCPUs","12.5 Gbps","unavailable","unavailable","unavailable","unavailable","unavailable","unavailable","unavailable","unavailable","unavailable","unavailable","unavailable","unavailable","unavailable","unavailable","unavailable","unavailable","unavailable","unavailable","unavailable"
"X2G Eight Extra Large","db.x2g.8xlarge","512 GiB","0 GiB (EBS only)","32 vCPUs","12 gigabit","unavailable","unavailable","unavailable","unavailable","unavailable","unavailable","unavailable","unavailable","unavailable","unavailable","unavailable","unavailable","unavailable","unavailable","unavailable","unavailable","unavailable","unavailable","unavailable"
"M6ID 12xlarge","db.m6id.12xlarge","192 GiB","2 x 1425 NVMe SSD","48 vCPUs","18.75 Gbps","unavailable","unavailable","unavailable","unavailable","unavailable","unavailable","unavailable","unavailable","unavailable","unavailable","unavailable","unavailable","unavailable","unavailable","unavailable","unavailable","unavailable","unavailable","unavailable"
"R6IN Eight Extra Large","db.r6in.8xlarge","256 GiB","0 GiB (EBS only)","32 vCPUs","50 Gbps","unavailable","unavailable","unavailable","unavailable","unavailable","unavailable","unavailable","unavailable","unavailable","unavailable","unavailable","unavailable","unavailable","unavailable","unavailable","unavailable","unavailable","unavailable","unavailable"
"M6IN 12xlarge","db.m6in.12xlarge","192 GiB","0 GiB (EBS only)","48 vCPUs","75 Gbps","unavailable","unavailable","unavailable","unavailable","unavailable","unavailable","unavailable","unavailable","unavailable","unavailable","unavailable","unavailable","unavailable","unavailable","unavailable","unavailable","unavailable","unavailable","unavailable"
"R6IDN Eight Extra Large","db.r6idn.8xlarge","256 GiB","1 x 1900 NVMe SSD","32 vCPUs","50 Gbps","unavailable","unavailable","unavailable","unavailable","unavailable","unavailable","unavailable","unavailable","unavailable","unavailable","unavailable","unavailable","unavailable","unavailable","unavailable","unavailable","unavailable","unavailable","unavailable"
"M6IDN 12xlarge","db.m6idn.12xlarge","192 GiB","2 x 1425 NVMe SSD","48 vCPUs","75 Gbps","unavailable","unavailable","unavailable","unavailable","unavailable","unavailable","unavailable","unavailable","unavailable","unavailable","unavailable","unavailable","unavailable","unavailable","unavailable","unavailable","unavailable","unavailable","unavailable"
"R5B 12xlarge","db.r5b.12xlarge","384 GiB","0 GiB (EBS only)","48 vCPUs","10 Gigabit","unavailable","unavailable","unavailable","unavailable","unavailable","unavailable","unavailable","unavailable","unavailable","unavailable","unavailable","unavailable","unavailable","unavailable","unavailable","unavailable","unavailable","unavailable","unavailable"
"R6ID 12xlarge","db.r6id.12xlarge","384 GiB","2 x 1425 NVMe SSD","48 vCPUs","18.75 Gbps","unavailable","unavailable","unavailable","unavailable","unavailable","unavailable","unavailable","unavailable","unavailable","unavailable","unavailable","unavailable","unavailable","unavailable","unavailable","unavailable","unavailable","unavailable","unavailable"
"M6ID 16xlarge","db.m6id.16xlarge","256 GiB","2 x 1900 NVMe SSD","64 vCPUs","25 Gbps","unavailable","unavailable","unavailable","unavailable","unavailable","unavailable","unavailable","unavailable","unavailable","unavailable","unavailable","unavailable","unavailable","unavailable","unavailable","unavailable","unavailable","unavailable","unavailable"
"X2G 12xlarge","db.x2g.12xlarge","768 GiB","0 GiB (EBS only)","48 vCPUs","20 Gigabit","unavailable","unavailable","unavailable","unavailable","unavailable","unavailable","unavailable","unavailable","unavailable","unavailable","unavailable","unavailable","unavailable","unavailable","unavailable","unavailable","unavailable","unavailable","unavailable"
"M6IN 16xlarge","db.m6in.16xlarge","256 GiB","0 GiB (EBS only)","64 vCPUs","100 Gbps","unavailable","unavailable","unavailable","unavailable","unavailable","unavailable","unavailable","unavailable","unavailable","unavailable","unavailable","unavailable","unavailable","unavailable","unavailable","unavailable","unavailable","unavailable","unavailable"
"R6IN 12xlarge","db.r6in.12xlarge","384 GiB","0 GiB (EBS only)","48 vCPUs","75 Gbps","unavailable","unavailable","unavailable","unavailable","unavailable","unavailable","unavailable","unavailable","unavailable","unavailable","unavailable","unavailable","unavailable","unavailable","unavailable","unavailable","unavailable","unavailable","unavailable"
"X2IEDN Quadruple Extra Large","db.x2iedn.4xlarge","512 GiB","1 x 475 NVMe SSD","16 vCPUs","Up to 25 Gbps","unavailable","unavailable","unavailable","unavailable","unavailable","unavailable","unavailable","unavailable","$10.6980 hourly","$10.0561 hourly","$13.6882 hourly","unavailable","unavailable","unavailable","unavailable","unavailable","unavailable","$9.7020 hourly","$6.9869 hourly"
"R6IDN 12xlarge","db.r6idn.12xlarge","384 GiB","2 x 1425 NVMe SSD","48 vCPUs","75 Gbps","unavailable","unavailable","unavailable","unavailable","unavailable","unavailable","unavailable","unavailable","unavailable","unavailable","unavailable","unavailable","unavailable","unavailable","unavailable","unavailable","unavailable","unavailable","unavailable"
"M6IDN 16xlarge","db.m6idn.16xlarge","256 GiB","2 x 1900 NVMe SSD","64 vCPUs","100 Gbps","unavailable","unavailable","unavailable","unavailable","unavailable","unavailable","unavailable","unavailable","unavailable","unavailable","unavailable","unavailable","unavailable","unavailable","unavailable","unavailable","unavailable","unavailable","unavailable"
"R5B 16xlarge","db.r5b.16xlarge","512 GiB","0 GiB (EBS only)","64 vCPUs","20 Gigabit","unavailable","unavailable","unavailable","unavailable","unavailable","unavailable","unavailable","unavailable","unavailable","unavailable","unavailable","unavailable","unavailable","unavailable","unavailable","unavailable","unavailable","unavailable","unavailable"
"R6ID 16xlarge","db.r6id.16xlarge","512 GiB","2 x 1900 NVMe SSD","64 vCPUs","25 Gbps","unavailable","unavailable","unavailable","unavailable","unavailable","unavailable","unavailable","unavailable","unavailable","unavailable","unavailable","unavailable","unavailable","unavailable","unavailable","unavailable","unavailable","unavailable","unavailable"
"X2G 16xlarge","db.x2g.16xlarge","1024 GiB","0 GiB (EBS only)","64 vCPUs","25 Gigabit","unavailable","unavailable","unavailable","unavailable","unavailable","unavailable","unavailable","unavailable","unavailable","unavailable","unavailable","unavailable","unavailable","unavailable","unavailable","unavailable","unavailable","unavailable","unavailable"
"M6ID 24xlarge","db.m6id.24xlarge","384 GiB","4 x 1425 NVMe SSD","96 vCPUs","37.5 Gbps","unavailable","unavailable","unavailable","unavailable","unavailable","unavailable","unavailable","unavailable","unavailable","unavailable","unavailable","unavailable","unavailable","unavailable","unavailable","unavailable","unavailable","unavailable","unavailable"
"R6IN 16xlarge","db.r6in.16xlarge","512 GiB","0 GiB (EBS only)","64 vCPUs","100 Gbps","unavailable","unavailable","unavailable","unavailable","unavailable","unavailable","unavailable","unavailable","unavailable","unavailable","unavailable","unavailable","unavailable","unavailable","unavailable","unavailable","unavailable","unavailable","unavailable"
"M6IN 24xlarge","db.m6in.24xlarge","384 GiB","0 GiB (EBS only)","96 vCPUs","150 Gbps","unavailable","unavailable","unavailable","unavailable","unavailable","unavailable","unavailable","unavailable","unavailable","unavailable","unavailable","unavailable","unavailable","unavailable","unavailable","unavailable","unavailable","unavailable","unavailable"
"R6IDN 16xlarge","db.r6idn.16xlarge","512 GiB","2 x 1900 NVMe SSD","64 vCPUs","100 Gbps","unavailable","unavailable","unavailable","unavailable","unavailable","unavailable","unavailable","unavailable","unavailable","unavailable","unavailable","unavailable","unavailable","unavailable","unavailable","unavailable","unavailable","unavailable","unavailable"
"M6IDN 24xlarge","db.m6idn.24xlarge","384 GiB","4 x 1425 NVMe SSD","96 vCPUs","150 Gbps","unavailable","unavailable","unavailable","unavailable","unavailable","unavailable","unavailable","unavailable","unavailable","unavailable","unavailable","unavailable","unavailable","unavailable","unavailable","unavailable","unavailable","unavailable","unavailable"
"R5B 24xlarge","db.r5b.24xlarge","768 GiB","0 GiB (EBS only)","96 vCPUs","25 Gigabit","unavailable","unavailable","unavailable","unavailable","unavailable","unavailable","unavailable","unavailable","unavailable","unavailable","unavailable","unavailable","unavailable","unavailable","unavailable","unavailable","unavailable","unavailable","unavailable"
"R6ID 24xlarge","db.r6id.24xlarge","768 GiB","4 x 1425 NVMe SSD","96 vCPUs","37.5 Gbps","unavailable","unavailable","unavailable","unavailable","unavailable","unavailable","unavailable","unavailable","unavailable","unavailable","unavailable","unavailable","$19.0080 hourly","$14.6362 hourly","$24.7100 hourly","unavailable","unavailable","unavailable","unavailable"
"M6ID 32xlarge","db.m6id.32xlarge","512 GiB","4 x 1900 NVMe SSD","128 vCPUs","50 Gbps","unavailable","unavailable","unavailable","unavailable","unavailable","unavailable","unavailable","unavailable","unavailable","unavailable","unavailable","unavailable","unavailable","unavailable","unavailable","unavailable","unavailable","unavailable","unavailable"
"M6IN 32xlarge","db.m6in.32xlarge","512 GiB","0 GiB (EBS only)","128 vCPUs","200 Gbps","unavailable","unavailable","unavailable","unavailable","unavailable","unavailable","unavailable","unavailable","unavailable","unavailable","unavailable","unavailable","unavailable","unavailable","unavailable","unavailable","unavailable","unavailable","unavailable"
"R6IN 24xlarge","db.r6in.24xlarge","768 GiB","0 GiB (EBS only)","96 vCPUs","150 Gbps","unavailable","unavailable","unavailable","unavailable","unavailable","unavailable","unavailable","unavailable","unavailable","unavailable","unavailable","unavailable","unavailable","unavailable","unavailable","unavailable","unavailable","unavailable","unavailable"
"X2IEDN Eight Extra Large","db.x2iedn.8xlarge","1024 GiB","1 x 950 NVMe SSD","32 vCPUs","25 Gbps","unavailable","unavailable","unavailable","unavailable","unavailable","unavailable","unavailable","unavailable","$21.3970 hourly","$20.1132 hourly","$27.3764 hourly","unavailable","unavailable","unavailable","unavailable","unavailable","unavailable","$19.4050 hourly","$13.9738 hourly"
"R6IDN 24xlarge","db.r6idn.24xlarge","768 GiB","4 x 1425 NVMe SSD","96 vCPUs","150 Gbps","unavailable","unavailable","unavailable","unavailable","unavailable","unavailable","unavailable","unavailable","unavailable","unavailable","unavailable","unavailable","unavailable","unavailable","unavailable","unavailable","unavailable","unavailable","unavailable"
"M6IDN 32xlarge","db.m6idn.32xlarge","512 GiB","4 x 1900 NVMe SSD","128 vCPUs","200 Gbps","unavailable","unavailable","unavailable","unavailable","unavailable","unavailable","unavailable","unavailable","unavailable","unavailable","unavailable","unavailable","unavailable","unavailable","unavailable","unavailable","unavailable","unavailable","unavailable"
"R6ID 32xlarge","db.r6id.32xlarge","1024 GiB","4 x 1900 NVMe SSD","128 vCPUs","50 Gbps","unavailable","unavailable","unavailable","unavailable","unavailable","unavailable","unavailable","unavailable","unavailable","unavailable","unavailable","unavailable","$25.3440 hourly","$19.5149 hourly","$32.9470 hourly","unavailable","unavailable","unavailable","unavailable"
"R6IN 32xlarge","db.r6in.32xlarge","1024 GiB","0 GiB (EBS only)","128 vCPUs","200 Gbps","unavailable","unavailable","unavailable","unavailable","unavailable","unavailable","unavailable","unavailable","unavailable","unavailable","unavailable","unavailable","unavailable","unavailable","unavailable","unavailable","unavailable","unavailable","unavailable"
"R6IDN 32xlarge","db.r6idn.32xlarge","1024 GiB","4 x 1900 NVMe SSD","128 vCPUs","200 Gbps","unavailable","unavailable","unavailable","unavailable","unavailable","unavailable","unavailable","unavailable","unavailable","unavailable","unavailable","unavailable","unavailable","unavailable","unavailable","unavailable","unavailable","unavailable","unavailable"
"X2IEDN 16xlarge","db.x2iedn.16xlarge","2048 GiB","1 x 1900 NVMe SSD","64 vCPUs","50 Gbps","unavailable","unavailable","unavailable","unavailable","unavailable","unavailable","unavailable","unavailable","unavailable","unavailable","$54.7518 hourly","unavailable","unavailable","unavailable","unavailable","unavailable","unavailable","$38.8090 hourly","$27.9475 hourly"
"X2IEDN 24xlarge","db.x2iedn.24xlarge","3072 GiB","2 x 1425 NVMe SSD","96 vCPUs","75 Gbps","unavailable","unavailable","unavailable","unavailable","unavailable","unavailable","unavailable","unavailable","unavailable","unavailable","$82.1277 hourly","unavailable","unavailable","unavailable","unavailable","unavailable","unavailable","$58.2140 hourly","$41.9213 hourly"
"X2IEDN 32xlarge","db.x2iedn.32xlarge","4096 GiB","2 x 1900 NVMe SSD","128 vCPUs","100 Gbps","unavailable","unavailable","unavailable","unavailable","unavailable","unavailable","unavailable","unavailable","unavailable","unavailable","$109.5036 hourly","unavailable","unavailable","unavailable","unavailable","unavailable","unavailable","$77.6180 hourly","$55.8950 hourly"
"R5B Quadruple Extra Large","db.r5b.4xlarge.tpc2.mem2x","256 GiB","0 GiB (EBS only)","16 vCPUs","10 Gigabit","unavailable","unavailable","unavailable","unavailable","unavailable","unavailable","unavailable","unavailable","unavailable","unavailable","unavailable","unavailable","unavailable","unavailable","unavailable","unavailable","unavailable","unavailable","unavailable"
"X2IDN 32xlarge","db.x2idn.32xlarge","2048 GiB","2 x 1900 NVMe SSD","128 vCPUs","100 Gbps","unavailable","unavailable","unavailable","unavailable","unavailable","unavailable","unavailable","unavailable","unavailable","unavailable","unavailable","unavailable","unavailable","unavailable","unavailable","unavailable","unavailable","$23.1200 hourly","$16.6464 hourly"
"R5 Double Extra Large","db.r5.2xlarge.tpc2.mem8x","512 GiB","0 GiB (EBS only)","8 vCPUs","20 Gigabit","unavailable","unavailable","unavailable","unavailable","unavailable","unavailable","unavailable","unavailable","unavailable","unavailable","unavailable","unavailable","unavailable","unavailable","unavailable","unavailable","unavailable","$8.4160 hourly","$5.7439 hourly"
"X1E Quadruple Extra Large","db.x1e.4xlarge","488 GiB","1 x 480 SSD","16 vCPUs","Up to 10 Gigabit","unavailable","unavailable","unavailable","unavailable","unavailable","unavailable","unavailable","unavailable","unavailable","unavailable","unavailable","unavailable","unavailable","unavailable","unavailable","unavailable","unavailable","unavailable","unavailable"
"X2IEZN 6xlarge","db.x2iezn.6xlarge","768 GiB","0 GiB (EBS only)","24 vCPUs","50 Gbps","unavailable","unavailable","unavailable","unavailable","unavailable","unavailable","unavailable","unavailable","unavailable","unavailable","unavailable","unavailable","unavailable","unavailable","unavailable","unavailable","unavailable","unavailable","unavailable"
"R5B Double Extra Large","db.r5b.2xlarge.tpc2.mem8x","512 GiB","0 GiB (EBS only)","8 vCPUs","20 Gigabit","unavailable","unavailable","unavailable","unavailable","unavailable","unavailable","unavailable","unavailable","unavailable","unavailable","unavailable","unavailable","unavailable","unavailable","unavailable","unavailable","unavailable","unavailable","unavailable"
"R5B Double Extra Large","db.r5b.2xlarge.tpc2.mem4x","256 GiB","0 GiB (EBS only)","8 vCPUs","10 Gigabit","unavailable","unavailable","unavailable","unavailable","unavailable","unavailable","unavailable","unavailable","unavailable","unavailable","unavailable","unavailable","unavailable","unavailable","unavailable","unavailable","unavailable","unavailable","unavailable"
"Z1D Large","db.z1d.large","16 GiB","1 x 75 NVMe SSD","2 vCPUs","Up to 10,000 Mbps","unavailable","unavailable","unavailable","unavailable","unavailable","unavailable","$0.6230 hourly","$0.5233 hourly","$1.2670 hourly","$1.1975 hourly","unavailable","unavailable","unavailable","unavailable","unavailable","unavailable","unavailable","$0.3965 hourly","$0.2706 hourly"
"R5 Quadruple Extra Large","db.r5.4xlarge.tpc2.mem2x","256 GiB","0 GiB (EBS only)","16 vCPUs","10 Gigabit","unavailable","unavailable","unavailable","unavailable","unavailable","unavailable","unavailable","unavailable","unavailable","unavailable","unavailable","unavailable","unavailable","unavailable","unavailable","unavailable","unavailable","$4.2080 hourly","$2.8720 hourly"
"R5 Extra Large","db.r5.xlarge.tpc2.mem2x","64 GiB","0 GiB (EBS only)","4 vCPUs","Up to 10 Gigabit","unavailable","unavailable","unavailable","unavailable","unavailable","unavailable","unavailable","unavailable","unavailable","unavailable","unavailable","unavailable","unavailable","unavailable","unavailable","unavailable","unavailable","$1.0520 hourly","$0.7180 hourly"
"R5B Quadruple Extra Large","db.r5b.4xlarge.tpc2.mem3x","384 GiB","0 GiB (EBS only)","16 vCPUs","10 Gigabit","unavailable","unavailable","unavailable","unavailable","unavailable","unavailable","unavailable","unavailable","unavailable","unavailable","unavailable","unavailable","unavailable","unavailable","unavailable","unavailable","unavailable","unavailable","unavailable"
"R5B Quadruple Extra Large","db.r5b.4xlarge.tpc2.mem4x","512 GiB","0 GiB (EBS only)","16 vCPUs","20 Gigabit","unavailable","unavailable","unavailable","unavailable","unavailable","unavailable","unavailable","unavailable","unavailable","unavailable","unavailable","unavailable","unavailable","unavailable","unavailable","unavailable","unavailable","unavailable","unavailable"
"R5 Quadruple Extra Large","db.r5.4xlarge.tpc2.mem3x","384 GiB","0 GiB (EBS only)","16 vCPUs","10 Gigabit","unavailable","unavailable","unavailable","unavailable","unavailable","unavailable","unavailable","unavailable","unavailable","unavailable","unavailable","unavailable","unavailable","unavailable","unavailable","unavailable","unavailable","$6.3120 hourly","$4.3079 hourly"
"R5 Double Extra Large","db.r5.2xlarge.tpc2.mem4x","256 GiB","0 GiB (EBS only)","8 vCPUs","10 Gigabit","unavailable","unavailable","unavailable","unavailable","unavailable","unavailable","unavailable","unavailable","unavailable","unavailable","unavailable","unavailable","unavailable","unavailable","unavailable","unavailable","unavailable","$4.2080 hourly","$2.8720 hourly"
"X2IDN 24xlarge","db.x2idn.24xlarge","1536 GiB","2 x 1425 NVMe SSD","96 vCPUs","75 Gbps","unavailable","unavailable","unavailable","unavailable","unavailable","unavailable","unavailable","unavailable","unavailable","unavailable","unavailable","unavailable","unavailable","unavailable","unavailable","unavailable","unavailable","$17.3400 hourly","$12.4848 hourly"
"R5 6xlarge","db.r5.6xlarge.tpc2.mem4x","768 GiB","0 GiB (EBS only)","24 vCPUs","25 Gigabit","unavailable","unavailable","unavailable","unavailable","unavailable","unavailable","unavailable","unavailable","unavailable","unavailable","unavailable","unavailable","unavailable","unavailable","unavailable","unavailable","unavailable","$12.6240 hourly","$8.6159 hourly"
"X1E Double Extra Large","db.x1e.2xlarge","244 GiB","1 x 240 SSD","8 vCPUs","Up to 10 Gigabit","unavailable","unavailable","unavailable","unavailable","unavailable","unavailable","unavailable","unavailable","unavailable","unavailable","unavailable","unavailable","unavailable","unavailable","unavailable","unavailable","unavailable","unavailable","unavailable"
"Z1D 6xlarge","db.z1d.6xlarge","192 GiB","1 x 900 NVMe SSD","24 vCPUs","10,000 Mbps","unavailable","unavailable","unavailable","unavailable","unavailable","unavailable","unavailable","unavailable","$10.4540 hourly","$9.8794 hourly","$16.1930 hourly","unavailable","unavailable","unavailable","unavailable","unavailable","unavailable","$4.7583 hourly","$3.2475 hourly"
"X1 16xlarge","db.x1.16xlarge","976 GiB","1 x 1920 SSD","64 vCPUs","10 Gigabit","unavailable","unavailable","unavailable","unavailable","unavailable","unavailable","unavailable","unavailable","$28.8830 hourly","$27.2947 hourly","$49.0460 hourly","unavailable","unavailable","unavailable","unavailable","unavailable","unavailable","$15.4368 hourly","unavailable"
"R5 Double Extra Large","db.r5.2xlarge.tpc1.mem2x","128 GiB","0 GiB (EBS only)","8 vCPUs","Up to 10 Gigabit","unavailable","unavailable","unavailable","unavailable","unavailable","unavailable","unavailable","unavailable","unavailable","unavailable","unavailable","unavailable","unavailable","unavailable","unavailable","unavailable","unavailable","$2.1040 hourly","$1.4360 hourly"
"Z1D 12xlarge","db.z1d.12xlarge","384 GiB","2 x 900 NVMe SSD","48 vCPUs","25,000 Mbps","unavailable","unavailable","unavailable","unavailable","unavailable","unavailable","unavailable","unavailable","$20.9090 hourly","$19.7588 hourly","$32.3860 hourly","unavailable","unavailable","unavailable","unavailable","unavailable","unavailable","$9.5166 hourly","$6.4950 hourly"
"R5 Eight Extra Large","db.r5.8xlarge.tpc2.mem3x","768 GiB","0 GiB (EBS only)","32 vCPUs","25 Gigabit","unavailable","unavailable","unavailable","unavailable","unavailable","unavailable","unavailable","unavailable","unavailable","unavailable","unavailable","unavailable","unavailable","unavailable","unavailable","unavailable","unavailable","$12.6240 hourly","$8.6159 hourly"
"X2IDN 16xlarge","db.x2idn.16xlarge","1024 GiB","1 x 1900 NVMe SSD","64 vCPUs","50 Gbps","unavailable","unavailable","unavailable","unavailable","unavailable","unavailable","unavailable","unavailable","unavailable","unavailable","unavailable","unavailable","unavailable","unavailable","unavailable","unavailable","unavailable","$11.5600 hourly","$8.3232 hourly"
"X1E Eight Extra Large","db.x1e.8xlarge","976 GiB","1 x 960 SSD","32 vCPUs","Up to 10 Gigabit","unavailable","unavailable","unavailable","unavailable","unavailable","unavailable","unavailable","unavailable","unavailable","unavailable","unavailable","unavailable","unavailable","unavailable","unavailable","unavailable","unavailable","unavailable","unavailable"
"X1E 32xlarge","db.x1e.32xlarge","3904 GiB","2 x 1920 SSD","128 vCPUs","25 Gigabit","unavailable","unavailable","unavailable","unavailable","unavailable","unavailable","unavailable","unavailable","unavailable","unavailable","unavailable","unavailable","unavailable","unavailable","unavailable","unavailable","unavailable","unavailable","unavailable"
"X1E 16xlarge","db.x1e.16xlarge","1952 GiB","1 x 1920 SSD","64 vCPUs","Up to 10 Gigabit","unavailable","unavailable","unavailable","unavailable","unavailable","unavailable","unavailable","unavailable","unavailable","unavailable","unavailable","unavailable","unavailable","unavailable","unavailable","unavailable","unavailable","unavailable","unavailable"
"R5 Large","db.r5.large.tpc1.mem2x","32 GiB","0 GiB (EBS only)","2 vCPUs","Up to 10 Gigabit","unavailable","unavailable","unavailable","unavailable","unavailable","unavailable","unavailable","unavailable","unavailable","unavailable","unavailable","unavailable","unavailable","unavailable","unavailable","unavailable","unavailable","$0.5260 hourly","$0.3590 hourly"
"Z1D Extra Large","db.z1d.xlarge","32 GiB","1 x 150 NVMe SSD","4 vCPUs","Up to 10,000 Mbps","unavailable","unavailable","unavailable","unavailable","unavailable","unavailable","$1.1270 hourly","$0.9467 hourly","$1.7420 hourly","$1.6466 hourly","$2.6990 hourly","unavailable","unavailable","unavailable","unavailable","unavailable","unavailable","$0.7930 hourly","$0.5413 hourly"
"R5B Large","db.r5b.large.tpc1.mem2x","32 GiB","0 GiB (EBS only)","2 vCPUs","Up to 10 Gigabit","unavailable","unavailable","unavailable","unavailable","unavailable","unavailable","unavailable","unavailable","unavailable","unavailable","unavailable","unavailable","unavailable","unavailable","unavailable","unavailable","unavailable","unavailable","unavailable"
"R5 12xlarge","db.r5.12xlarge.tpc2.mem2x","768 GiB","0 GiB (EBS only)","48 vCPUs","25 Gigabit","unavailable","unavailable","unavailable","unavailable","unavailable","unavailable","unavailable","unavailable","unavailable","unavailable","unavailable","unavailable","unavailable","unavailable","unavailable","unavailable","unavailable","$12.6240 hourly","$8.6159 hourly"
"R5B Double Extra Large","db.r5b.2xlarge.tpc1.mem2x","128 GiB","0 GiB (EBS only)","8 vCPUs","Up to 10 Gigabit","unavailable","unavailable","unavailable","unavailable","unavailable","unavailable","unavailable","unavailable","unavailable","unavailable","unavailable","unavailable","unavailable","unavailable","unavailable","unavailable","unavailable","unavailable","unavailable"
"X2IEZN Eight Extra Large","db.x2iezn.8xlarge","1024 GiB","0 GiB (EBS only)","32 vCPUs","75 Gbps","unavailable","unavailable","unavailable","unavailable","unavailable","unavailable","unavailable","unavailable","unavailable","unavailable","unavailable","unavailable","unavailable","unavailable","unavailable","unavailable","unavailable","unavailable","unavailable"
"R5B Extra Large","db.r5b.xlarge.tpc2.mem2x","64 GiB","0 GiB (EBS only)","4 vCPUs","Up to 10 Gigabit","unavailable","unavailable","unavailable","unavailable","unavailable","unavailable","unavailable","unavailable","unavailable","unavailable","unavailable","unavailable","unavailable","unavailable","unavailable","unavailable","unavailable","unavailable","unavailable"
"R5 Extra Large","db.r5.xlarge.tpc2.mem4x","128 GiB","0 GiB (EBS only)","4 vCPUs","Up to 10 Gigabit","unavailable","unavailable","unavailable","unavailable","unavailable","unavailable","unavailable","unavailable","unavailable","unavailable","unavailable","unavailable","unavailable","unavailable","unavailable","unavailable","unavailable","$2.1040 hourly","$1.4360 hourly"
"R5 Quadruple Extra Large","db.r5.4xlarge.tpc2.mem4x","512 GiB","0 GiB (EBS only)","16 vCPUs","20 Gigabit","unavailable","unavailable","unavailable","unavailable","unavailable","unavailable","unavailable","unavailable","unavailable","unavailable","unavailable","unavailable","unavailable","unavailable","unavailable","unavailable","unavailable","$8.4160 hourly","$5.7439 hourly"
"Z1D Double Extra Large","db.z1d.2xlarge","64 GiB","1 x 300 NVMe SSD","8 vCPUs","Up to 10,000 Mbps","unavailable","unavailable","unavailable","unavailable","unavailable","unavailable","$2.2520 hourly","$1.8919 hourly","$3.4850 hourly","$3.2931 hourly","$5.3980 hourly","unavailable","unavailable","unavailable","unavailable","unavailable","unavailable","$1.5861 hourly","$1.0825 hourly"
"Z1D 3xlarge","db.z1d.3xlarge","96 GiB","1 x 450 NVMe SSD","12 vCPUs","Up to 10,000 Mbps","unavailable","unavailable","unavailable","unavailable","unavailable","unavailable","$3.3790 hourly","$2.8386 hourly","$5.2270 hourly","$4.9397 hourly","$8.0960 hourly","unavailable","unavailable","unavailable","unavailable","unavailable","unavailable","$2.3791 hourly","$1.6238 hourly"
"R5B Extra Large","db.r5b.xlarge.tpc2.mem4x","128 GiB","0 GiB (EBS only)","4 vCPUs","Up to 10 Gigabit","unavailable","unavailable","unavailable","unavailable","unavailable","unavailable","unavailable","unavailable","unavailable","unavailable","unavailable","unavailable","unavailable","unavailable","unavailable","unavailable","unavailable","unavailable","unavailable"
"R5B Eight Extra Large","db.r5b.8xlarge.tpc2.mem3x","768 GiB","0 GiB (EBS only)","32 vCPUs","25 Gigabit","unavailable","unavailable","unavailable","unavailable","unavailable","unavailable","unavailable","unavailable","unavailable","unavailable","unavailable","unavailable","unavailable","unavailable","unavailable","unavailable","unavailable","unavailable","unavailable"
"X1 32xlarge","db.x1.32xlarge","1952 GiB","2 x 1920 SSD","128 vCPUs","25 Gigabit","unavailable","unavailable","unavailable","unavailable","unavailable","unavailable","unavailable","unavailable","$57.7670 hourly","$54.5893 hourly","$98.0930 hourly","unavailable","unavailable","unavailable","unavailable","unavailable","unavailable","$30.8736 hourly","unavailable"
"X1E Extra Large","db.x1e.xlarge","122 GiB","1 x 120 SSD","4 vCPUs","Up to 10 Gigabit","unavailable","unavailable","unavailable","unavailable","unavailable","unavailable","unavailable","unavailable","unavailable","unavailable","unavailable","unavailable","unavailable","unavailable","unavailable","unavailable","unavailable","unavailable","unavailable"
"R5B 6xlarge","db.r5b.6xlarge.tpc2.mem4x","768 GiB","0 GiB (EBS only)","24 vCPUs","25 Gigabit","unavailable","unavailable","unavailable","unavailable","unavailable","unavailable","unavailable","unavailable","unavailable","unavailable","unavailable","unavailable","unavailable","unavailable","unavailable","unavailable","unavailable","unavailable","unavailable"
"X2IEZN Double Extra Large","db.x2iezn.2xlarge","256 GiB","0 GiB (EBS only)","8 vCPUs","Up to 25 Gbps","unavailable","unavailable","unavailable","unavailable","unavailable","unavailable","unavailable","unavailable","unavailable","unavailable","unavailable","unavailable","unavailable","unavailable","unavailable","unavailable","unavailable","unavailable","unavailable"
"X2IEZN Quadruple Extra Large","db.x2iezn.4xlarge","512 GiB","0 GiB (EBS only)","16 vCPUs","Up to 25 Gbps","unavailable","unavailable","unavailable","unavailable","unavailable","unavailable","unavailable","unavailable","unavailable","unavailable","unavailable","unavailable","unavailable","unavailable","unavailable","unavailable","unavailable","unavailable","unavailable"
"X2IEZN 12xlarge","db.x2iezn.12xlarge","1536 GiB","0 GiB (EBS only)","48 vCPUs","100 Gbps","unavailable","unavailable","unavailable","unavailable","unavailable","unavailable","unavailable","unavailable","unavailable","unavailable","unavailable","unavailable","unavailable","unavailable","unavailable","unavailable","unavailable","unavailable","unavailable"
"R5B 12xlarge","db.r5b.12xlarge.tpc2.mem2x","768 GiB","0 GiB (EBS only)","48 vCPUs","25 Gigabit","unavailable","unavailable","unavailable","unavailable","unavailable","unavailable","unavailable","unavailable","unavailable","unavailable","unavailable","unavailable","unavailable","unavailable","unavailable","unavailable","unavailable","unavailable","unavailable"